-- MySQL dump 10.13  Distrib 8.0.16, for Win64 (x86_64)
--
-- Host: localhost    Database: party_office
-- ------------------------------------------------------
-- Server version	8.0.17

/*!40101 SET @OLD_CHARACTER_SET_CLIENT=@@CHARACTER_SET_CLIENT */;
/*!40101 SET @OLD_CHARACTER_SET_RESULTS=@@CHARACTER_SET_RESULTS */;
/*!40101 SET @OLD_COLLATION_CONNECTION=@@COLLATION_CONNECTION */;
 SET NAMES utf8 ;
/*!40103 SET @OLD_TIME_ZONE=@@TIME_ZONE */;
/*!40103 SET TIME_ZONE='+00:00' */;
/*!40014 SET @OLD_UNIQUE_CHECKS=@@UNIQUE_CHECKS, UNIQUE_CHECKS=0 */;
/*!40014 SET @OLD_FOREIGN_KEY_CHECKS=@@FOREIGN_KEY_CHECKS, FOREIGN_KEY_CHECKS=0 */;
/*!40101 SET @OLD_SQL_MODE=@@SQL_MODE, SQL_MODE='NO_AUTO_VALUE_ON_ZERO' */;
/*!40111 SET @OLD_SQL_NOTES=@@SQL_NOTES, SQL_NOTES=0 */;

--
-- Table structure for table `office`
--

DROP TABLE IF EXISTS `office`;
/*!40101 SET @saved_cs_client     = @@character_set_client */;
 SET character_set_client = utf8mb4 ;
CREATE TABLE `office` (
  `OfficeID` int(11) unsigned NOT NULL AUTO_INCREMENT,
  `OfficeTitle` varchar(200) DEFAULT NULL,
  PRIMARY KEY (`OfficeID`)
) ENGINE=InnoDB AUTO_INCREMENT=2 DEFAULT CHARSET=utf8;
/*!40101 SET character_set_client = @saved_cs_client */;

--
-- Dumping data for table `office`
--

LOCK TABLES `office` WRITE;
/*!40000 ALTER TABLE `office` DISABLE KEYS */;
INSERT INTO `office` VALUES (1,'Сүхбаатар аймгийн Ардчилсан намын хороо');
/*!40000 ALTER TABLE `office` ENABLE KEYS */;
UNLOCK TABLES;

--
-- Table structure for table `office_config`
--

DROP TABLE IF EXISTS `office_config`;
/*!40101 SET @saved_cs_client     = @@character_set_client */;
 SET character_set_client = utf8mb4 ;
CREATE TABLE `office_config` (
  `ConfigID` int(11) unsigned NOT NULL AUTO_INCREMENT,
  `ConfigOfficeID` int(11) unsigned DEFAULT NULL,
  `ConfigName` varchar(100) DEFAULT NULL,
  `ConfigValue` varchar(100) DEFAULT NULL,
  `ConfigDescr` varchar(200) DEFAULT NULL,
  `ConfigOrder` smallint(6) DEFAULT '0',
  PRIMARY KEY (`ConfigID`),
  KEY `ConfigOfficeID` (`ConfigOfficeID`),
  CONSTRAINT `office_config_ibfk_1` FOREIGN KEY (`ConfigOfficeID`) REFERENCES `office` (`OfficeID`) ON DELETE CASCADE ON UPDATE CASCADE
) ENGINE=InnoDB AUTO_INCREMENT=11 DEFAULT CHARSET=utf8;
/*!40101 SET character_set_client = @saved_cs_client */;

--
-- Dumping data for table `office_config`
--

LOCK TABLES `office_config` WRITE;
/*!40000 ALTER TABLE `office_config` DISABLE KEYS */;
INSERT INTO `office_config` VALUES (1,1,'LETTER_SEP','/','Бичгийн дугаарын тусгаарлагч (Жишээ нь: 14/00001)',1),(2,1,'LETTER_DECIDEDAY','9',NULL,2),(3,1,'PETITION_SEP','/',NULL,5),(4,1,'PETITION_DECIDEDAY','14',NULL,6),(5,1,'LETTER_SELFSHIFT','1','Бичиг ажилтан өөрөө шилжүүлэх',3),(6,1,'LETTER_SELFDECIDE','1','Бичиг ажилтан өөрөө хаах',4),(7,1,'PETITION_SELFSHIFT','1',NULL,7),(8,1,'PETITION_SELFDECIDE','1',NULL,8),(9,1,'LETTER_DECIDE','0','Бичиг хэргийн ажилтан шийдвэрлэдэггүй байх',9),(10,1,'PETITION_DECIDE','1','Өргөдөл, гомдлын ажилтан шийдвэрлэдэггүй байх',10);
/*!40000 ALTER TABLE `office_config` ENABLE KEYS */;
UNLOCK TABLES;

--
-- Table structure for table `office_organ`
--

DROP TABLE IF EXISTS `office_organ`;
/*!40101 SET @saved_cs_client     = @@character_set_client */;
 SET character_set_client = utf8mb4 ;
CREATE TABLE `office_organ` (
  `RowID` int(11) unsigned NOT NULL AUTO_INCREMENT,
  `RowOfficeID` int(11) unsigned DEFAULT NULL,
  `RowOrganGeneralID` int(11) unsigned DEFAULT NULL,
  `RowOrganID` int(11) unsigned DEFAULT NULL,
  `RowOrder` smallint(6) DEFAULT '0',
  PRIMARY KEY (`RowID`),
  KEY `RowOfficeID` (`RowOfficeID`),
  CONSTRAINT `office_organ_ibfk_1` FOREIGN KEY (`RowOfficeID`) REFERENCES `office` (`OfficeID`) ON DELETE CASCADE ON UPDATE CASCADE
) ENGINE=InnoDB AUTO_INCREMENT=3 DEFAULT CHARSET=utf8;
/*!40101 SET character_set_client = @saved_cs_client */;

--
-- Dumping data for table `office_organ`
--

LOCK TABLES `office_organ` WRITE;
/*!40000 ALTER TABLE `office_organ` DISABLE KEYS */;
INSERT INTO `office_organ` VALUES (1,1,1460,1460,1),(2,1,209,209,2);
/*!40000 ALTER TABLE `office_organ` ENABLE KEYS */;
UNLOCK TABLES;

--
-- Table structure for table `ref_area`
--

DROP TABLE IF EXISTS `ref_area`;
/*!40101 SET @saved_cs_client     = @@character_set_client */;
 SET character_set_client = utf8mb4 ;
CREATE TABLE `ref_area` (
  `AreaID` int(11) unsigned NOT NULL AUTO_INCREMENT,
  `AreaParentID` int(11) unsigned DEFAULT '0',
  `AreaGlobalID` int(11) DEFAULT '4',
  `AreaName` varchar(250) CHARACTER SET utf8 COLLATE utf8_general_ci DEFAULT NULL,
  PRIMARY KEY (`AreaID`),
  KEY `NewIndex1` (`AreaID`),
  KEY `NewIndex2` (`AreaParentID`),
  KEY `NewIndex3` (`AreaGlobalID`)
) ENGINE=InnoDB AUTO_INCREMENT=4904 DEFAULT CHARSET=utf8;
/*!40101 SET character_set_client = @saved_cs_client */;

--
-- Dumping data for table `ref_area`
--

LOCK TABLES `ref_area` WRITE;
/*!40000 ALTER TABLE `ref_area` DISABLE KEYS */;
INSERT INTO `ref_area` VALUES (1,0,1,'Монгол'),(2,1,2,'Улаанбаатар'),(3,1,3,'Дорнод'),(4,1,3,'Сүхбаатар'),(5,1,3,'Хэнтий'),(6,1,3,'Төв'),(7,1,3,'Говьсүмбэр'),(8,1,3,'Сэлэнгэ'),(9,1,3,'Дорноговь'),(10,1,3,'Дархан-Уул'),(11,1,3,'Өмнөговь'),(12,1,3,'Дундговь'),(13,1,3,'Орхон'),(14,1,3,'Өвөрхангай'),(15,1,3,'Булган'),(16,1,3,'Баянхонгор'),(17,1,3,'Архангай'),(18,1,3,'Хөвсгөл'),(19,1,3,'Завхан'),(20,1,3,'Говь-Алтай'),(21,1,3,'Баян-Өлгий'),(22,1,3,'Ховд'),(23,1,3,'Увс'),(24,2,4,'Багануур'),(25,2,4,'Багахангай'),(26,2,4,'Налайх'),(27,2,4,'Баянзүрх'),(28,2,4,'Сүхбаатар'),(29,2,4,'Чингэлтэй'),(30,2,4,'Баянгол'),(31,2,4,'Хан-Уул'),(32,2,4,'Сонгинохайрхан'),(33,24,6,'1-р хороо'),(34,24,6,'2-р хороо'),(35,24,6,'3-р хороо'),(36,24,6,'4-р хороо'),(37,24,6,'5-р хороо'),(56,25,6,'1-р хороо'),(57,25,6,'2-р хороо'),(66,26,6,'1-р хороо'),(67,26,6,'2-р хороо'),(68,26,6,'3-р хороо'),(69,26,6,'4-р хороо'),(70,26,6,'5-р хороо'),(71,26,6,'6-р хороо'),(72,26,6,'7-р хороо'),(95,27,6,'1-р хороо'),(96,27,6,'2-р хороо'),(97,27,6,'3-р хороо'),(98,27,6,'4-р хороо'),(99,27,6,'5-р хороо'),(100,27,6,'6-р хороо'),(101,27,6,'7-р хороо'),(102,27,6,'8-р хороо'),(103,27,6,'9-р хороо'),(104,27,6,'10-р хороо'),(105,27,6,'11-р хороо'),(106,27,6,'12-р хороо'),(107,27,6,'13-р хороо'),(108,27,6,'14-р хороо'),(109,27,6,'15-р хороо'),(110,27,6,'16-р хороо'),(111,27,6,'17-р хороо'),(112,27,6,'18-р хороо'),(113,27,6,'19-р хороо'),(114,27,6,'20-р хороо'),(115,27,6,'21-р хороо'),(116,27,6,'22-р хороо'),(117,27,6,'23-р хороо'),(118,27,6,'24-р хороо'),(119,27,6,'25-р хороо'),(120,27,6,'26-р хороо'),(121,27,6,'27-р хороо'),(122,27,6,'28-р хороо'),(163,28,6,'1-р хороо'),(164,28,6,'2-р хороо'),(165,28,6,'3-р хороо'),(166,28,6,'4-р хороо'),(167,28,6,'5-р хороо'),(168,28,6,'6-р хороо'),(169,28,6,'7-р хороо'),(170,28,6,'8-р хороо'),(171,28,6,'9-р хороо'),(172,28,6,'10-р хороо'),(173,28,6,'11-р хороо'),(174,28,6,'12-р хороо'),(175,28,6,'13-р хороо'),(176,28,6,'14-р хороо'),(177,28,6,'15-р хороо'),(178,28,6,'16-р хороо'),(179,28,6,'17-р хороо'),(180,28,6,'18-р хороо'),(181,28,6,'19-р хороо'),(182,28,6,'20-р хороо'),(203,29,6,'1-р хороо'),(204,29,6,'2-р хороо'),(205,29,6,'3-р хороо'),(206,29,6,'4-р хороо'),(207,29,6,'5-р хороо'),(208,29,6,'6-р хороо'),(209,29,6,'7-р хороо'),(210,29,6,'8-р хороо'),(211,29,6,'9-р хороо'),(212,29,6,'10-р хороо'),(213,29,6,'11-р хороо'),(214,29,6,'12-р хороо'),(215,29,6,'13-р хороо'),(216,29,6,'14-р хороо'),(217,29,6,'15-р хороо'),(218,29,6,'16-р хороо'),(219,29,6,'17-р хороо'),(220,29,6,'18-р хороо'),(221,29,6,'19-р хороо'),(225,30,6,'1-р хороо'),(226,30,6,'2-р хороо'),(227,30,6,'3-р хороо'),(228,30,6,'4-р хороо'),(229,30,6,'5-р хороо'),(230,30,6,'6-р хороо'),(231,30,6,'7-р хороо'),(232,30,6,'8-р хороо'),(233,30,6,'9-р хороо'),(234,30,6,'10-р хороо'),(235,30,6,'11-р хороо'),(236,30,6,'12-р хороо'),(237,30,6,'13-р хороо'),(238,30,6,'14-р хороо'),(239,30,6,'15-р хороо'),(240,30,6,'16-р хороо'),(241,30,6,'17-р хороо'),(242,30,6,'18-р хороо'),(243,30,6,'19-р хороо'),(244,30,6,'20-р хороо'),(245,30,6,'21-р хороо'),(246,30,6,'22-р хороо'),(247,30,6,'23-р хороо'),(252,31,6,'1-р хороо'),(253,31,6,'2-р хороо'),(254,31,6,'3-р хороо'),(255,31,6,'4-р хороо'),(256,31,6,'5-р хороо'),(257,31,6,'6-р хороо'),(258,31,6,'7-р хороо'),(259,31,6,'8-р хороо'),(260,31,6,'9-р хороо'),(261,31,6,'10-р хороо'),(262,31,6,'11-р хороо'),(264,31,6,'12-р хороо'),(265,31,6,'13-р хороо'),(266,31,6,'14-р хороо'),(267,31,6,'15-р хороо'),(268,31,6,'16-р хороо'),(293,32,6,'1-р хороо'),(294,32,6,'2-р хороо'),(295,32,6,'3-р хороо'),(296,32,6,'4-р хороо'),(297,32,6,'5-р хороо'),(298,32,6,'6-р хороо'),(299,32,6,'7-р хороо'),(300,32,6,'8-р хороо'),(301,32,6,'9-р хороо'),(302,32,6,'10-р хороо'),(303,32,6,'11-р хороо'),(304,32,6,'12-р хороо'),(305,32,6,'13-р хороо'),(306,32,6,'14-р хороо'),(307,32,6,'15-р хороо'),(308,32,6,'16-р хороо'),(309,32,6,'17-р хороо'),(310,32,6,'18-р хороо'),(311,32,6,'19-р хороо'),(312,32,6,'20-р хороо'),(313,32,6,'21-р хороо'),(314,32,6,'22-р хороо'),(315,32,6,'23-р хороо'),(316,32,6,'24-р хороо'),(317,32,6,'25-р хороо'),(318,32,6,'26-р хороо'),(319,32,6,'27-р хороо'),(320,32,6,'28-р хороо'),(321,32,6,'29-р хороо'),(322,32,6,'30-р хороо'),(323,32,6,'31-р хороо'),(324,32,6,'32-р хороо'),(380,3,5,'Халхгол'),(381,3,5,'Матад'),(382,3,5,'Чулуунхороот'),(383,3,5,'Чойбалсан'),(384,3,5,'Баянтүмэн'),(385,3,5,'Хэрлэн'),(386,3,5,'Гурванзагал'),(387,3,5,'Булган'),(388,3,5,'Дашбалбар'),(389,3,5,'Сэргэлэн'),(390,3,5,'Баяндун'),(391,3,5,'Цагаан-Овоо'),(392,3,5,'Хөлөнбуйр'),(393,3,5,'Баян-Уул'),(394,4,5,'Эрдэнэцагаан'),(395,4,5,'Сүхбаатар'),(396,4,5,'Дарьганга'),(397,4,5,'Асгат'),(398,4,5,'Наран'),(399,4,5,'Баруун-урт'),(400,4,5,'Онгон'),(401,4,5,'Халзан'),(402,4,5,'Баяндэлгэр'),(403,4,5,'Уулбаян'),(404,4,5,'Мөнххаан'),(405,4,5,'Түмэнцогт'),(406,4,5,'Түвшинширээ'),(407,5,5,'Баян-Овоо'),(408,5,5,'Норовлин'),(409,5,5,'Дадал'),(410,5,5,'Батноров'),(411,5,5,'Баянхутаг'),(412,5,5,'Баян-Адарга'),(413,5,5,'Галшар'),(414,5,5,'Биндэр'),(415,5,5,'Хэрлэн'),(416,5,5,'Мөрөн'),(417,5,5,'Өмнөдэлгэр'),(418,5,5,'Батширээт'),(419,5,5,'Баянмөнх'),(420,5,5,'Дархан'),(421,5,5,'Жаргалтхаан'),(422,5,5,'Дэлгэрхаан'),(423,5,5,'Цэнхэрмандал'),(424,6,5,'Мөнгөнморьт'),(425,6,5,'Баянжаргалан'),(426,6,5,'Баяндэлгэр'),(427,6,5,'Эрдэнэ'),(428,6,5,'Архуст'),(429,6,5,'Баян'),(430,6,5,'Баянцагаан'),(431,6,5,'Сэргэлэн'),(432,6,5,'Зуунмод'),(433,6,5,'Батсүмбэр'),(434,6,5,'Алтанбулаг'),(435,6,5,'Баян-Өнжүүл'),(436,6,5,'Борнуур'),(437,6,5,'Баянчандмань'),(438,6,5,'Баянцогт'),(439,6,5,'Аргалант'),(440,6,5,'Сүмбэр'),(441,6,5,'Жаргалант'),(442,6,5,'Баянхангай'),(443,6,5,'Угтаалцайдам'),(444,6,5,'Цээл'),(445,6,5,'Лүн'),(446,6,5,'Өндөрширээт'),(447,6,5,'Бүрэн'),(448,6,5,'Заамар'),(449,6,5,'Дэлгэрхаан'),(450,6,5,'Эрдэнэсант'),(451,7,5,'Сүмбэр'),(452,7,5,'Шивээговь'),(453,7,5,'Баянтал'),(454,8,5,'Ерөө'),(455,8,5,'Хүдэр'),(456,8,5,'Мандал'),(457,8,5,'Алтанбулаг'),(458,8,5,'Жавхлант'),(459,8,5,'Баянгол'),(460,8,5,'Шаамар'),(461,8,5,'Сүхбаатар'),(462,8,5,'Зүүнбүрэн'),(463,8,5,'Түшиг'),(464,8,5,'Цагааннуур'),(465,8,5,'Хушаат'),(466,8,5,'Сайхан'),(467,8,5,'Орхон'),(468,8,5,'Сант'),(469,8,5,'Орхонтуул'),(470,8,5,'Баруунбүрэн'),(471,9,5,'Замын-Үүд'),(472,9,5,'Эрдэнэ'),(473,9,5,'Өргөн'),(474,9,5,'Дэлгэрэх'),(475,9,5,'Улаанбадрах'),(476,9,5,'Хөвсгөл'),(477,9,5,'Алтанширээ'),(478,9,5,'Хатанбулаг'),(479,9,5,'Иххэт'),(480,9,5,'Сайншанд'),(481,9,5,'Сайхандулаан'),(482,9,5,'Айраг'),(483,9,5,'Даланжаргалан'),(484,9,5,'Мандах'),(485,10,5,'Шарын Гол'),(486,10,5,'Хонгор'),(487,10,5,'Орхон'),(488,10,5,'Дархан'),(489,11,5,'Ханбогд'),(490,11,5,'Манлай'),(491,11,5,'Баян-Овоо'),(492,11,5,'Цогтцэций'),(493,11,5,'Номгон'),(494,11,5,'Цогт-Овоо'),(495,11,5,'Ханхонгор'),(496,11,5,'Даланзадгад'),(497,11,5,'Мандал-Овоо'),(498,11,5,'Хүрмэн'),(499,11,5,'Булган'),(500,11,5,'Баяндалай'),(501,11,5,'Сэврэй'),(502,11,5,'Ноён'),(503,11,5,'Гурвантэс'),(504,12,5,'Өндөршил'),(505,12,5,'Баянжаргалан'),(506,12,5,'Цагаандэлгэр'),(507,12,5,'Өлзийт'),(508,12,5,'Гурвансайхан'),(509,12,5,'Говь-Угтаал'),(510,12,5,'Дэрэн'),(511,12,5,'Сайнцагаан'),(512,12,5,'Дэлгэрцогт'),(513,12,5,'Луус'),(514,12,5,'Хулд'),(515,12,5,'Адаацаг'),(516,12,5,'Эрдэнэдалай'),(517,12,5,'Дэлгэрхангай'),(518,12,5,'Сайхан-Овоо'),(519,13,5,'Жаргалант'),(520,13,5,'Баян-Өндөр'),(521,14,5,'Баян-Өндөр'),(522,14,5,'Бүрд'),(523,14,5,'Есөн Зүйл'),(524,14,5,'Сант'),(525,14,5,'Өлзийт'),(526,14,5,'Баянгол'),(527,14,5,'Төгрөг'),(528,14,5,'Хархорин'),(529,14,5,'Хужирт'),(530,14,5,'Зүүнбаян-Улаан'),(531,14,5,'Тарагт'),(532,14,5,'Арвайхээр'),(533,14,5,'Гучин-Ус'),(534,14,5,'Богд'),(535,14,5,'Бат-Өлзий'),(536,14,5,'Уянга'),(537,14,5,'Хайрхандулаан'),(538,14,5,'Нарийнтээл'),(539,14,5,'Баруунбаян-Улаан'),(540,15,5,'Баяннуур'),(541,15,5,'Сэлэнгэ'),(542,15,5,'Хангал'),(543,15,5,'Орхон'),(544,15,5,'Бүрэгхангай'),(545,15,5,'Дашинчилэн'),(546,15,5,'Рашаант'),(547,15,5,'Булган'),(548,15,5,'Бугат'),(549,15,5,'Тэшиг'),(550,15,5,'Хишиг-Өндөр'),(551,15,5,'Гурван Булаг'),(552,15,5,'Хутаг-Өндөр'),(553,15,5,'Могод'),(554,15,5,'Сайхан'),(555,15,5,'Баян-Агт'),(556,16,5,'Баянлиг'),(557,16,5,'Эрдэнэцогт'),(558,16,5,'Өлзийт'),(559,16,5,'Богд'),(560,16,5,'Жинст'),(561,16,5,'Баян-Овоо'),(562,16,5,'Баянхонгор'),(563,16,5,'Галуут'),(564,16,5,'Баянговь'),(565,16,5,'Баацагаан'),(566,16,5,'Бөмбөгөр'),(567,16,5,'Жаргалант'),(568,16,5,'Шинэжинст'),(569,16,5,'Заг'),(570,16,5,'Баянцагаан'),(571,16,5,'Бууцагаан'),(572,16,5,'Гурванбулаг'),(573,16,5,'Хүрээмарал'),(574,16,5,'Баян-Өндөр'),(575,16,5,'Баянбулаг'),(576,17,5,'Хашаат'),(577,17,5,'Өгийнуур'),(578,17,5,'Өлзийт'),(579,17,5,'Хотонт'),(580,17,5,'Хайрхан'),(581,17,5,'Төвшрүүлэх'),(582,17,5,'Цэнхэр'),(583,17,5,'Батцэнгэл'),(584,17,5,'Булган'),(585,17,5,'Эрдэнэбулган'),(586,17,5,'Эрдэнэмандал'),(587,17,5,'Их Тамир'),(588,17,5,'Цэцэрлэг'),(589,17,5,'Жаргалант'),(590,17,5,'Өндөр-Улаан'),(591,17,5,'Чулуут'),(592,17,5,'Тариат'),(593,17,5,'Хангай'),(594,17,5,'Цахир'),(595,18,5,'Тариалан'),(596,18,5,'Эрдэнэбулган'),(597,18,5,'Цагаан-Үүр'),(598,18,5,'Их-Уул'),(599,18,5,'Рашаант'),(600,18,5,'Ханх'),(601,18,5,'Чандмань-Өндөр'),(602,18,5,'Түнэл'),(603,18,5,'Тосонцэнгэл'),(604,18,5,'Мөрөн'),(605,18,5,'Алаг-Эрдэнэ'),(606,18,5,'Төмөрбулаг'),(607,18,5,'Рэнчинлхүмбэ'),(608,18,5,'Галт'),(609,18,5,'Арбулаг'),(610,18,5,'Бүрэнтогтох'),(611,18,5,'Шинэ-Идэр'),(612,18,5,'Жаргалант'),(613,18,5,'Цагааннуур'),(614,18,5,'Улаан-Уул'),(615,18,5,'Баянзүрх'),(616,18,5,'Цагаан-Уул'),(617,18,5,'Цэцэрлэг'),(618,19,5,'Их-Уул'),(619,19,5,'Тосонцэнгэл'),(620,19,5,'Тэлмэн'),(621,19,5,'Идэр'),(622,19,5,'Отгон'),(623,19,5,'Улиастай'),(624,19,5,'Нөмрөг'),(625,19,5,'Цагаанхайрхан'),(626,19,5,'Яруу'),(627,19,5,'Шилүүстэй'),(628,19,5,'Цагаанчулуут'),(629,19,5,'Баянтэс'),(630,19,5,'Асгат'),(631,19,5,'Баянхайрхан'),(632,19,5,'Алдархаан'),(633,19,5,'Түдэвтэй'),(634,19,5,'Цэцэн-Уул'),(635,19,5,'Сонгино'),(636,19,5,'Эрдэнэхайрхан'),(637,19,5,'Тэс'),(638,19,5,'Сантмаргац'),(639,19,5,'Завханмандал'),(640,19,5,'Дөрвөлжин'),(641,19,5,'Ургамал'),(642,20,5,'Дэлгэр'),(643,20,5,'Чандмань'),(644,20,5,'Эрдэнэ'),(645,20,5,'Бигэр'),(646,20,5,'Цогт'),(647,20,5,'Тайшир'),(648,20,5,'Есөнбулаг'),(649,20,5,'Халиун'),(650,20,5,'Жаргалан'),(651,20,5,'Цээл'),(652,20,5,'Алтай'),(653,20,5,'Шарга'),(654,20,5,'Баян-Уул'),(655,20,5,'Төгрөг'),(656,20,5,'Хөхморьт'),(657,20,5,'Дарив'),(658,20,5,'Бугат'),(659,20,5,'Тонхил'),(660,21,5,'Булган'),(661,21,5,'Баяннуур'),(662,21,5,'Алтанцөгц'),(663,21,5,'Бугат'),(664,21,5,'Дэлүүн'),(665,21,5,'Толбо'),(666,21,5,'Ногооннуур'),(667,21,5,'Өлгий'),(668,21,5,'Буянт'),(669,21,5,'Алтай'),(670,21,5,'Сагсай'),(671,21,5,'Улаанхус'),(672,21,5,'Цэнгэл'),(673,22,5,'Дарви'),(674,22,5,'Дөргөн'),(675,22,5,'Чандмань'),(676,22,5,'Цэцэг'),(677,22,5,'Зэрэг'),(678,22,5,'Мөст'),(679,22,5,'Алтай'),(680,22,5,'Буянт'),(681,22,5,'Мянгад'),(682,22,5,'Манхан'),(683,22,5,'Үенч'),(684,22,5,'Жаргалант'),(685,22,5,'Ховд'),(686,22,5,'Эрдэнэбүрэн'),(687,22,5,'Мөнххайрхан'),(688,22,5,'Дуут'),(689,22,5,'Булган'),(690,23,5,'Зүүнхангай'),(691,23,5,'Баруунтуруун'),(692,23,5,'Өндөрхангай'),(693,23,5,'Зүүнговь'),(694,23,5,'Цагаанхайрхан'),(695,23,5,'Тэс'),(696,23,5,'Хяргас'),(697,23,5,'Малчин'),(698,23,5,'Завхан'),(699,23,5,'Наранбулаг'),(700,23,5,'Давст'),(701,23,5,'Тариалан'),(702,23,5,'Өлгий'),(703,23,5,'Улаангом'),(704,23,5,'Сагил'),(705,23,5,'Түргэн'),(706,23,5,'Өмнөговь'),(707,23,5,'Бөхмөрөн'),(708,23,5,'Ховд'),(709,380,7,'1-р баг, Сүмбэр'),(710,380,7,'2-р баг, Ялалт'),(711,380,7,'3-р баг, Ташгай'),(712,381,7,'1-р баг, Жаргалант'),(713,381,7,'2-р баг, Баянхангай'),(714,381,7,'4-р баг, Буян-Өндөр'),(715,381,7,'5-р баг, Мэнэн'),(716,382,7,'1-р баг, Дэлгэр'),(717,382,7,'2-р баг, Галуут'),(718,382,7,'3-р баг, Цагаанчулуут'),(719,383,7,'1-р баг, Хулстай'),(720,383,7,'2-р баг, Сүмбэр'),(721,383,7,'3-р баг, Энгэр шанд'),(722,384,7,'1-р баг, Цагаан дэрс'),(723,384,7,'2-р баг, Жаргалант'),(724,384,7,'3-р баг, Өлзийт'),(725,386,7,'1-р баг, Рашаант'),(726,386,7,'2-р баг, Цагаан хошуу'),(727,387,7,'1-р баг, Өндөр хошуу'),(728,387,7,'2-р баг, Хулсан шанд'),(729,387,7,'3-р баг, Баян-Уул'),(730,388,7,'1-р баг, Сэвсүүл жараахай'),(731,388,7,'2-р баг, Харзат'),(732,388,7,'3-р баг, Чух'),(733,388,7,'4-р баг, Номинт'),(734,389,7,'1-р баг, Барчин'),(735,389,7,'2-р баг, Ар хоолой'),(736,389,7,'3-р баг, Баян'),(737,389,7,'4-р баг, Очир хүрээ'),(738,389,7,'5-р баг, Галын гол'),(739,390,7,'1-р баг, Түргэн'),(740,390,7,'2-р баг, Хайрхан'),(741,390,7,'3-р баг, Яргай'),(742,390,7,'4-р баг, Наран'),(743,391,7,'1-р баг, Баянгол'),(744,391,7,'2-р баг, Элст'),(745,391,7,'3-р баг, Зүрх'),(746,391,7,'4-р баг, Хүрээт'),(747,391,7,'5-р баг, Гүн цэнгэлэг'),(748,391,7,'6-р баг, Хөөвөр'),(749,392,7,'1-р баг, Баян-Өлзийт'),(750,392,7,'2-р баг, Батхаан'),(751,393,7,'1-р баг, Заяат'),(752,393,7,'2-р баг, Хар чулуут'),(753,393,7,'3-р баг, Урт'),(754,393,7,'4-р баг, Хошуу'),(755,393,7,'5-р баг, Улз'),(756,393,7,'6-р баг, Өвөр эрээн'),(757,394,7,'1-р баг, Хөдлөн хайлааст'),(758,394,7,'2-р баг, Цагаан овоо'),(759,394,7,'3-р баг, Бадрах'),(760,394,7,'4-р баг, Хонгор'),(761,394,7,'5-р баг, Билүүт'),(762,394,7,'6-р баг, Жаргалант'),(763,394,7,'7-р баг, Хадын булаг'),(764,394,7,'8-р баг, Алтан овоо'),(765,395,7,'1-р баг, Баянгол'),(766,395,7,'2-р баг, Хайлааст'),(767,395,7,'3-р баг, Хулгар'),(768,395,7,'4-р баг, Ланз'),(769,395,7,'5-р баг, Шинэбулаг'),(770,396,7,'1-р баг, Өрнө дэрс'),(771,396,7,'2-р баг, Бадрах'),(772,396,7,'3-р баг, Аман-Ус'),(773,396,7,'4-р баг, Овоот'),(774,397,7,'1-р баг, Өлзийт'),(775,397,7,'2-р баг, Дөхөм'),(776,397,7,'3-р баг, Их-Уул'),(777,397,7,'4-р баг, Жаргалант'),(778,398,7,'1-р баг, Гүн худаг'),(779,398,7,'2-р баг, Тосонгийн гол'),(780,398,7,'3-р баг, Наранбулаг'),(781,399,7,'1-р баг'),(782,399,7,'2-р баг'),(783,399,7,'3-р баг'),(784,399,7,'4-р баг'),(785,400,7,'1-р баг, Ихбулаг'),(786,400,7,'2-р баг, Шарбүрд'),(787,400,7,'3-р баг, Нүдэн'),(788,400,7,'4-р баг, Цөнгөрөг'),(789,400,7,'5-р баг, Хавирга'),(790,401,7,'1-р баг, Халзан шанд'),(791,401,7,'2-р баг, Сахиул'),(792,401,7,'3-р баг, Сайншанд'),(793,401,7,'4-р баг, Хатавч'),(794,402,7,'1-р баг, Баян'),(795,402,7,'2-р баг, Дэлгэр'),(796,402,7,'3-р баг, Төв'),(797,402,7,'4-р баг, Дөхөм'),(798,402,7,'5-р баг, Хонгор'),(799,402,7,'6-р баг, Ширээт'),(803,403,7,'1-р баг, Баян'),(804,403,7,'2-р баг, Жаргалант'),(805,403,7,'3-р баг, Тэгш'),(806,403,7,'4-р баг, Жавхлант'),(807,403,7,'5-р баг, Дэлгэр'),(808,404,7,'1-р баг, Баянтэрэм'),(809,404,7,'2-р баг, Баян-Уул'),(810,404,7,'3-р баг, Баянцагаан'),(811,404,7,'4-р баг, Баясгалант'),(812,404,7,'5-р баг, Бүрэнцогт'),(813,405,7,'1-р баг, Лхүмбэ'),(814,405,7,'2-р баг, Хошмиг'),(815,405,7,'3-р баг, Баян-Овоо'),(816,406,7,'1-р баг, Сэргэлэн'),(817,406,7,'2-р баг, Өлзийт'),(818,406,7,'3-р баг, Үнэгт'),(819,406,7,'4-р баг, Дэлгэрхаан'),(820,406,7,'5-р баг, Өгөөмөр'),(821,407,7,'1-р баг, Дэлгэрхаан'),(822,407,7,'2-р баг, Наран'),(823,407,7,'3-р баг, Сүмбэр'),(824,407,7,'4-р баг, Жавхлант'),(825,408,7,'1-р баг, Баян-Өлзийт'),(826,408,7,'2-р баг, Ангирт'),(827,408,7,'3-р баг, Онон'),(828,408,7,'4-р баг, Жаргалант'),(829,409,7,'1-р баг, Онон'),(830,409,7,'2-р баг, Агац'),(831,409,7,'3-р баг, Балж'),(832,409,7,'4-р баг, Баяновоо'),(833,410,7,'1-р баг, Эрдэнэчандмань'),(834,410,7,'2-р баг, Эхэнбүрд'),(835,410,7,'3-р баг, Баян'),(836,410,7,'4-р баг, Баянбулаг'),(837,410,7,'5-р баг, Идэрмэг'),(838,410,7,'6-р баг, Дундбүрд'),(839,410,7,'7-р баг, Бэрх'),(843,411,7,'1-р баг, Жаргалант'),(844,411,7,'2-р баг, Улаан-Өндөр'),(845,411,7,'3-р баг, Цантын хоолой'),(846,412,7,'1-р баг, Сайхан'),(847,412,7,'2-р баг, Жаргалант'),(848,412,7,'3-р баг, Адарга'),(849,412,7,'4-р баг, Дуурлиг'),(850,413,7,'1-р баг, Арвин'),(851,413,7,'2-р баг, Оч'),(852,413,7,'3-р баг, Баянбадрал'),(853,413,7,'4-р баг, Сангийндалай'),(854,413,7,'5-р баг, Жаргалант'),(855,413,7,'6-р баг, Буянтбулаг'),(860,414,7,'1-р баг, Баян-Өндөр'),(861,414,7,'2-р баг, Мандалхаан'),(862,414,7,'3-р баг, Баянгол'),(863,414,7,'4-р баг, Дэлгэрхаан'),(864,414,7,'5-р баг, Онон'),(865,415,7,'1-р баг, Хэрлэн'),(866,415,7,'2-р баг, Булаг'),(867,415,7,'3-р баг, Баянмөнх'),(868,415,7,'4-р баг, Сариг'),(869,415,7,'5-р баг, Өндөрхаан'),(870,415,7,'6-р баг, Цогт-Өндөр'),(871,415,7,'7-р баг, Номгон'),(872,415,7,'8-р баг, Ишгэн толгой'),(873,416,7,'1-р баг, Зөөлөн'),(874,416,7,'2-р баг, Өлзийт'),(875,416,7,'3-р баг, Бүрээт'),(876,416,7,'4-р баг, Цагаан толгой'),(877,416,7,'5-р баг, Чандган'),(878,417,7,'1-р баг, Наран'),(879,417,7,'2-р баг, Баянзүрх'),(880,417,7,'3-р баг, Хэнтий'),(881,417,7,'4-р баг, Талын булаг'),(882,417,7,'5-р баг, Чандган'),(883,417,7,'6-р баг, Төвийн'),(884,417,7,'7-р баг, Гурванбаян'),(888,418,7,'1-р баг, Онон'),(889,418,7,'2-р баг, Барх'),(890,418,7,'3-р баг, Хурх'),(891,418,7,'4-р баг, Норовлин'),(892,419,7,'1-р баг, Баянбулаг'),(893,419,7,'2-р баг, Хэрлэн'),(894,419,7,'3-р баг, Дулаан'),(895,419,7,'4-р баг, Улаан-Эрэг'),(896,420,7,'1-р баг, Дотуур булаг'),(897,420,7,'2-р баг, Хараат'),(898,420,7,'3-р баг, Шажин'),(899,420,7,'4-р баг, Мэргэн хошуу'),(900,420,7,'5-р баг, Бор-Өндөр'),(901,421,7,'1-р баг, Гичгэнэ'),(902,421,7,'2-р баг, Баянцогт'),(903,421,7,'3-р баг, Баян-Эрдэнэ'),(904,421,7,'4-р баг, Чулуут'),(905,421,7,'5-р баг, Төвийн'),(906,422,7,'1-р баг, Хэрлэнбаян улаан'),(907,422,7,'2-р баг, Долоод'),(908,422,7,'3-р баг, Аварга'),(909,422,7,'4-р баг, Хэрлэн тооно'),(910,423,7,'1-р баг, Хужхан'),(911,423,7,'2-р баг, Нугаар'),(912,423,7,'3-р баг, Согоот'),(913,423,7,'4-р баг, Баянмод'),(914,424,7,'1-р баг, Жаргалант'),(915,424,7,'2-р баг, Байдлаг'),(916,424,7,'3-р баг, Булаг'),(917,425,7,'1-р баг, Жаргалант'),(918,425,7,'2-р баг, Улаан ухаа'),(919,425,7,'3-р баг, Эрдэнэ'),(920,426,7,'1-р баг, Байдлаг'),(921,426,7,'2-р баг, Галуут'),(924,427,7,'1-р баг, Өгөөмөр'),(925,427,7,'2-р баг, Чулуут'),(926,427,7,'3-р баг, Баянтуул'),(927,427,7,'4-р баг, Хушинга'),(928,427,7,'5-р баг, Тамган'),(933,428,7,'1-р баг, Ноён шанд'),(934,428,7,'2-р баг, Нарст'),(935,429,7,'1-р баг, Цант хөдөө'),(936,429,7,'2-р баг, Өгөөмөр'),(937,429,7,'3-р баг, Цавчир'),(939,430,7,'1-р баг, Өлзийт'),(940,430,7,'2-р баг, Баян айраг'),(941,430,7,'3-р баг, Гурван түрүү'),(942,430,7,'4-р баг, Алтат'),(943,430,7,'5-р баг, Зогсоол'),(944,431,7,'1-р баг, Баянбүрд'),(945,431,7,'2-р баг, Хайрхан'),(946,431,7,'3-р баг, Хөшиг'),(947,431,7,'4-р баг, Эрдэнэ-Уул'),(948,431,7,'5-р баг, Авдар'),(949,433,7,'1-р баг, Мандал'),(950,433,7,'2-р баг, Цогт-Өндөр'),(951,433,7,'3-р баг, Баянгол'),(952,433,7,'4-р баг, Үдлэг'),(953,434,7,'1-р баг, Сумт'),(954,434,7,'2-р баг, Аргал'),(955,434,7,'3-р баг, Алтан-Овоо'),(956,434,7,'4-р баг, Замт'),(957,435,7,'1-р баг, Бараат'),(958,435,7,'2-р баг, Цээл'),(959,435,7,'3-р баг, Бүрд'),(960,436,7,'1-р баг, Өгөөмөр'),(961,436,7,'2-р баг, Мандал'),(962,436,7,'3-р баг, Бичигт'),(963,436,7,'4-р баг, Нарт'),(964,437,7,'1-р баг, Чандмань'),(965,437,7,'2-р баг, Замт'),(966,437,7,'3-р баг, Эрдэнэ'),(967,438,7,'1-р баг, Гуна'),(968,438,7,'2-р баг, Сарлаг'),(969,438,7,'3-р баг, Даргиат'),(970,439,7,'1-р баг, Аргалын уул'),(971,439,7,'2-р баг, Хөшөөт'),(972,440,7,'1-р баг, Сүмбэр'),(973,440,7,'2-р баг, Жавхлант'),(974,441,7,'1-р баг, Буурал'),(975,441,7,'2-р баг, Өгөөмөр'),(976,441,7,'3-р баг, Баянбулаг'),(977,441,7,'4-р баг, Загдал'),(978,442,7,'1-р баг, Найрамдал'),(979,442,7,'2-р баг, Хөшөөт'),(980,443,7,'1-р баг, Талын уул'),(981,443,7,'2-р баг, Асгат'),(982,443,7,'3-р баг, Хар чулуут'),(983,444,7,'1-р баг, Оргил'),(984,444,7,'2-р баг, Талын хайрхан'),(985,444,7,'3-р баг, Майхан'),(986,444,7,'4-р баг, Сүүл буга'),(987,444,7,'5-р баг, Хүүлэй хан'),(988,445,7,'1-р баг, Цагаан уул'),(989,445,7,'2-р баг, Өгөөмөр'),(990,445,7,'3-р баг, Төв'),(992,446,7,'1-р баг, Баянтуул'),(993,446,7,'2-р баг, Хайрхан'),(994,446,7,'3-р баг, Уянга'),(995,446,7,'4-р баг, Сант'),(996,447,7,'1-р баг, Төхөм'),(997,447,7,'2-р баг, Баянцогт'),(998,447,7,'3-р баг, Монгол'),(999,447,7,'4-р баг, Эрдэнэхангай'),(1000,447,7,'5-р баг, Өнжүүл'),(1001,448,7,'1-р баг, Тосон'),(1002,448,7,'2-р баг, Төмстэй'),(1003,448,7,'3-р баг, Хайлааст'),(1004,448,7,'4-р баг, Төв'),(1005,449,7,'1-р баг, Тарган'),(1006,449,7,'2-р баг, Дуут-Хуримт'),(1007,449,7,'3-р баг, Давст'),(1009,450,7,'1-р баг, Баян-Уул'),(1010,450,7,'2-р баг, Баргилт'),(1011,450,7,'3-р баг, Буянт'),(1012,450,7,'4-р баг, Угалзат'),(1013,450,7,'5-р баг, Улаанхудаг'),(1014,451,7,'1-р баг'),(1015,451,7,'2-р баг'),(1016,451,7,'3-р баг'),(1017,451,7,'4-р баг'),(1018,451,7,'5-р баг'),(1019,451,7,'6-р баг'),(1021,452,7,'1-р баг'),(1022,452,7,'2-р баг'),(1023,453,7,'2-р баг'),(1024,453,7,'1-р баг'),(1025,454,7,'1-р баг, Тавин'),(1026,454,7,'2-р баг, Буурагчин'),(1027,454,7,'3-р баг, Бугант'),(1028,455,7,'1-р баг, Тарвагатай'),(1029,455,7,'2-р баг, Баянцагаан'),(1030,456,7,'1-р баг, Төмөр зам'),(1031,456,7,'2-р баг, Ширхэнцэг'),(1032,456,7,'3-р баг, Баянсуудал'),(1033,456,7,'4-р баг, Хэрх'),(1034,456,7,'5-р баг, Түнхэл'),(1035,457,7,'1-р баг, Бүргэдэй'),(1036,457,7,'2-р баг, Суварга'),(1037,457,7,'3-р баг, Цөх'),(1038,458,7,'1-р баг, Бумбат'),(1039,458,7,'2-р баг, Моностой'),(1040,459,7,'1-р баг, Хараа'),(1041,459,7,'2-р баг, Баян'),(1042,459,7,'3-р баг, Гонир'),(1043,460,7,'1-р баг, Дэлгэрхаан'),(1044,460,7,'2-р баг, Охиндий'),(1045,460,7,'3-р баг, Дулаанхаан'),(1046,461,7,'1-р баг, Хонгорморьт'),(1047,461,7,'2-р баг, Цагаан-Эрэг'),(1048,461,7,'3-р баг, Салхит'),(1049,461,7,'4-р баг, Баянхаан'),(1050,461,7,'5-р баг, Боргүвээ'),(1051,462,7,'1-р баг, Жаргалант'),(1052,462,7,'2-р баг, Бэлчир'),(1053,462,7,'3-р баг, Мангирт'),(1054,463,7,'1-р баг, Жаргалмандах'),(1055,463,7,'2-р баг, Ар нуга'),(1056,464,7,'1-р баг, Оргих'),(1057,464,7,'2-р баг, Хуурч'),(1058,464,7,'3-р баг, Тийрэг'),(1059,465,7,'1-р баг, Даагат'),(1060,465,7,'2-р баг, Мөнхтолгой'),(1061,466,7,'1-р баг, Хөтөл'),(1062,466,7,'2-р баг, Гавшгай'),(1063,466,7,'3-р баг, Номгон'),(1064,467,7,'1-р баг, Орхон'),(1065,467,7,'2-р баг, Бэлэндалай'),(1066,468,7,'1-р баг, Ивэн'),(1067,468,7,'2-р баг, Хушаат'),(1068,469,7,'1-р баг, Рашаант'),(1069,469,7,'2-р баг, Баянцогт'),(1070,469,7,'3-р баг, Хонгор-Овоо'),(1071,470,7,'1-р баг, Ивэн'),(1072,470,7,'2-р баг, Бургалтай'),(1073,470,7,'3-р баг, Цагаан-Овоо'),(1074,471,7,'2-р баг'),(1075,471,7,'3-р баг'),(1076,471,7,'1-р баг'),(1077,472,7,'1-р баг, Бүрдэнэ'),(1078,472,7,'2-р баг, Еншөөв'),(1079,472,7,'3-р баг, Цагаан хөтөл'),(1080,472,7,'4-р баг, Дөрвөлж'),(1081,472,7,'5-р баг, Улаан-Уул'),(1082,473,7,'1-р баг, Сүмийн булаг'),(1083,473,7,'2-р баг, Сүмбэр'),(1084,473,7,'3-р баг, Баянмөнх'),(1085,473,7,'4-р баг, Сэнж'),(1086,474,7,'1-р баг, Цагаанхад'),(1087,474,7,'2-р баг, Аман шанд'),(1088,474,7,'3-р баг, Бумбат'),(1089,474,7,'4-р баг, Хонгор'),(1090,475,7,'1-р баг, Сангийн далай'),(1091,475,7,'2-р баг, Баянбогд'),(1092,475,7,'3-р баг, Аргалант'),(1093,475,7,'4-р баг, Нүдэн'),(1094,476,7,'1-р баг, Жавхлант'),(1095,476,7,'2-р баг, Чулуут'),(1096,476,7,'3-р баг, Элст'),(1097,476,7,'4-р баг, Хөвсгөл'),(1098,477,7,'1-р баг, Тойг'),(1099,477,7,'2-р баг, Зараа'),(1100,477,7,'3-р баг, Хаяа'),(1101,477,7,'4-р баг, Чулуун гишгэр'),(1102,478,7,'1-р баг, Халив'),(1103,478,7,'2-р баг, Эргэл'),(1104,478,7,'3-р баг, Агаруут'),(1105,478,7,'4-р баг, Сулинхээр'),(1106,478,7,'5-р баг, Аман-Ус'),(1107,478,7,'6-р баг, Замын шанд'),(1108,479,7,'1-р баг, Бүрдэнэ'),(1109,479,7,'2-р баг, Баян'),(1110,479,7,'3-р баг, Зүлэгт'),(1111,480,7,'4-Р Баг'),(1112,480,7,'3-Р Баг'),(1113,480,7,'2-Р Баг'),(1114,480,7,'1-Р Баг'),(1115,480,7,'5-р баг, Зүүнбаян'),(1116,481,7,'1-р баг, Улаан шороот'),(1117,481,7,'2-р баг, Жаргалант'),(1118,481,7,'3-р баг, Цохио'),(1119,481,7,'4-р баг, Өлзийт'),(1120,482,7,'1-р баг, Нард'),(1121,482,7,'2-р баг, Сайн-Ус'),(1122,482,7,'3-р баг, Нүдэн'),(1123,482,7,'4-р баг, Цагаан дөрвөлж'),(1124,483,7,'1-р баг, Элдэв'),(1125,483,7,'2-р баг, Өнгөт'),(1126,483,7,'3-р баг, Бичигт'),(1127,483,7,'4-р баг, Цомог'),(1128,483,7,'5-р баг, Олон-Овоо'),(1129,484,7,'1-р баг, Алхантээг'),(1130,484,7,'2-р баг, Баянхошуу'),(1131,484,7,'3-р баг, Өехий'),(1132,484,7,'4-р баг, Сэрвэн баянхошуу'),(1133,484,7,'5-р баг, Төхөм'),(1134,485,7,'1-р баг, Хайрхан'),(1135,485,7,'2-р баг, Дархан'),(1136,485,7,'3-р баг, Санжинт'),(1137,486,7,'1-р баг'),(1138,486,7,'2-р баг'),(1139,486,7,'3-р баг, Салхит'),(1140,487,7,'1-р баг, Баян-Өлзийт'),(1141,487,7,'2-р баг, Энхтал'),(1142,488,7,'1-р баг'),(1143,488,7,'2-р баг'),(1144,488,7,'3-р баг'),(1145,488,7,'4-р баг'),(1146,488,7,'5-р баг'),(1147,488,7,'6-р баг'),(1148,488,7,'7-р баг'),(1149,488,7,'8-р баг'),(1150,488,7,'9-р баг'),(1151,488,7,'10-р баг'),(1152,488,7,'11-р баг'),(1153,488,7,'12-р баг'),(1154,488,7,'13-р баг'),(1155,488,7,'14-р баг'),(1156,488,7,'15-р баг'),(1157,488,7,'16-р баг'),(1158,489,7,'1-р баг, Номгон'),(1159,489,7,'2-р баг, Гавилууд'),(1160,489,7,'3-р баг, Жавхлант'),(1161,489,7,'4-р баг, Баян'),(1163,490,7,'1-р баг, Өехий'),(1164,490,7,'2-р баг, Өгөөмөр'),(1165,490,7,'3-р баг, Жаргалант'),(1166,490,7,'4-р баг, Далай'),(1167,491,7,'1-р баг, Могойт'),(1168,491,7,'2-р баг, Харзаг'),(1169,491,7,'3-р баг, Налих'),(1170,492,7,'1-р баг, Сийрст'),(1171,492,7,'2-р баг, Билгэх'),(1172,492,7,'3-р баг ,Цагаан-Овоо'),(1174,493,7,'1-р баг, Хармагтай'),(1175,493,7,'2-р баг, Төхөм'),(1176,493,7,'3-р баг, Дэрсэнэ-Ус'),(1177,493,7,'4-р баг, Эмгэнбулаг'),(1178,493,7,'5-р баг, Богт'),(1179,494,7,'1-р баг, Замын шанд'),(1180,494,7,'2-р баг, Бортээг'),(1181,494,7,'3-р баг, Найз'),(1182,495,7,'1-р баг, Мандах'),(1183,495,7,'2-р баг, Өгөөмөр'),(1184,495,7,'3-р баг, Хондот'),(1185,495,7,'4-р баг, Жаргалант'),(1186,496,7,'1-р баг, Баруунсайхан'),(1187,496,7,'2-р баг, Хан-Уул'),(1188,496,7,'3-р баг, Далан'),(1189,496,7,'4-р баг, Дундсайхан'),(1190,496,7,'5-р баг, Зүүнсайхан'),(1191,496,7,'6-р баг, Их уул'),(1192,496,7,'7-р баг, Оюут'),(1193,496,7,'8-р баг, Цагаан булаг'),(1194,497,7,'1-р баг, Өтгөн'),(1195,497,7,'2-р баг, Баянхошуу'),(1196,497,7,'3-р баг, Мандал'),(1197,498,7,'1-р баг, Жанжин'),(1198,498,7,'2-р баг, Тулга'),(1199,498,7,'3-р баг, Хүрмэн'),(1200,499,7,'1-р баг, Дэн'),(1201,499,7,'2-р баг, Дал'),(1202,499,7,'3-р баг, Хавцгайт'),(1203,499,7,'4-р баг, Булган'),(1204,500,7,'1-р баг, Баян'),(1205,500,7,'2-р баг, Наран'),(1206,500,7,'3-р баг, Төхөм'),(1207,501,7,'1-р баг, Сайншанд'),(1208,501,7,'2-р баг, Хоолт'),(1209,501,7,'3-р баг, Бүйлсэн'),(1210,502,7,'1-р баг, Сайран'),(1211,502,7,'2-р баг, Ганзагад'),(1212,503,7,'1-р баг, Гоёот'),(1213,503,7,'2-р баг, Баясах'),(1214,503,7,'3-р баг, Тост'),(1215,503,7,'4-р баг, Урт'),(1216,504,7,'1-р баг, Цог'),(1217,504,7,'2-р баг, Талын нар'),(1218,505,7,'1-р баг, Шилийн гол'),(1219,505,7,'2-р баг, Энгэр-Ус'),(1220,505,7,'3-р баг, Аргатай'),(1221,506,7,'1-р баг, Хараат'),(1222,506,7,'2-р баг, Дэлгэрэх зам'),(1223,506,7,'3-р баг, Жаргалант'),(1224,506,7,'4-р баг, Замын-Улаан'),(1225,507,7,'1-р баг, Буянт 1'),(1226,507,7,'2-р баг, Буянт 2'),(1227,507,7,'3-р баг, Тагт'),(1228,507,7,'4-р баг, Дэрт 1'),(1229,507,7,'5-р баг, Дэрт 2'),(1230,507,7,'6-р баг, Рашаант'),(1235,508,7,'1-р баг, Элгэн'),(1236,508,7,'2-р баг, Дэрсэнэ ус'),(1237,508,7,'3-р баг, Чулуут'),(1238,508,7,'4-р баг, Гурвансайхан'),(1239,508,7,'5-р баг, Суугаант'),(1240,509,7,'1-р баг, Ажирхай'),(1241,509,7,'2-р баг, Морьт'),(1242,509,7,'3-р баг, Хонгор'),(1243,510,7,'1-р баг, Алаг-Өндөр'),(1244,510,7,'2-р баг, Саруул'),(1245,510,7,'3-р баг, Долоод'),(1246,510,7,'4-р баг, Бумбат'),(1247,511,7,'1-р баг, Наран'),(1248,511,7,'2-р баг, Тэвш'),(1249,511,7,'3-р баг, Далай'),(1250,511,7,'4-р баг, Үйзэн'),(1251,511,7,'5-р баг, Аривжих'),(1252,511,7,'6-р баг, Боржигон'),(1253,511,7,'7-р баг, Нарлаг'),(1254,511,7,'8-р баг, Айраг'),(1255,511,7,'9-р баг, Мандал'),(1256,512,7,'1-р баг, Баянбулаг'),(1257,512,7,'2-р баг, Цахиурт'),(1258,512,7,'3-р баг, Дэлгэр-Эмт'),(1259,513,7,'1-р баг, Суварга'),(1260,513,7,'2-р баг, Наран'),(1261,513,7,'3-р баг, Буянт'),(1262,514,7,'1-р баг, Шувуутай'),(1263,514,7,'2-р баг, Олдох'),(1264,514,7,'3-р баг, Уул'),(1265,514,7,'4-р баг, Бүлээн'),(1266,515,7,'1-р баг, Тавин'),(1267,515,7,'2-р баг, Ар-Урт'),(1268,515,7,'3-р баг, Өвөр-Урт'),(1269,515,7,'4-р баг, Сүм'),(1270,515,7,'5-р баг, Хашаат'),(1271,516,7,'1-р баг, Цавчир'),(1272,516,7,'2-р баг, Өнгөт'),(1273,516,7,'3-р баг, Тэнгэлэг'),(1274,516,7,'4-р баг, Рашаант'),(1275,516,7,'5-р баг, Цагаан-Овоо'),(1276,516,7,'6-р баг, Сангийн далай'),(1277,516,7,'7-р баг'),(1278,517,7,'1-р баг, Толь'),(1279,517,7,'2-р баг, Таргат'),(1280,517,7,'3-р баг, Ар шавагтай'),(1281,517,7,'4-р баг, Номгон'),(1282,518,7,'1-р баг, Онги'),(1283,518,7,'2-р баг, Мааньт'),(1284,518,7,'3-р баг, Найз'),(1285,518,7,'4-р баг, Төгрөг'),(1287,519,7,'1-р баг, Улаан толгой'),(1288,519,7,'2-р баг, Жаргалант'),(1289,519,7,'3-р баг, Дулаан уул'),(1290,520,7,'1-р баг, Зэст'),(1291,520,7,'2-р баг, Оюут'),(1292,520,7,'3-р баг, Уурхайчин'),(1293,520,7,'4-р баг, Хүрэнбулаг'),(1294,520,7,'5-р баг, Уртбулаг'),(1295,520,7,'6-р баг, Согоот'),(1296,520,7,'7-р баг, Дэнж'),(1297,520,7,'8-р баг, Бүрэнбүст'),(1298,520,7,'9-р баг, Шанд'),(1299,520,7,'10-р баг, Наран'),(1300,520,7,'11-р баг, Цагаанчулуут'),(1301,520,7,'12-р баг, Булаг'),(1302,520,7,'13-р баг, Баянцагаан'),(1303,520,7,'14-р баг, Говил'),(1304,520,7,'15-р баг, Рашаант'),(1305,520,7,'16-р баг, Малчин'),(1306,520,7,'17-р баг, Эрдэнэ'),(1307,520,7,'18-р баг, Баянбулаг'),(1308,520,7,'19-р баг, Их залуу'),(1312,521,7,'1-р баг, Бөмбий'),(1313,521,7,'2-р баг, Батхаан'),(1314,521,7,'3-р баг, Өвөр зүлэгт'),(1315,521,7,'4-р баг, Хар тойром'),(1316,521,7,'5-р баг, Бумбат'),(1317,522,7,'1-р баг, Ар жаргалант'),(1318,522,7,'2-р баг, Их боригдой'),(1319,522,7,'3-р баг, Донгит'),(1320,522,7,'4-р баг, Ар хөшөөт'),(1321,522,7,'5-р баг, Онгон'),(1322,523,7,'1-р баг, Тахилга'),(1323,523,7,'2-р баг, Мөнхбулаг'),(1324,523,7,'3-р баг, Хайрхан'),(1325,523,7,'4-р баг, Эрээн'),(1326,524,7,'1-р баг, Царги'),(1327,524,7,'2-р баг, Цахиурт'),(1328,524,7,'3-р баг, Улаан-Овоо'),(1329,524,7,'4-р баг, Залаа'),(1330,524,7,'5-р баг, Майхан'),(1331,525,7,'1-р баг, Бор хошуут'),(1332,525,7,'2-р баг, Агуйт'),(1333,525,7,'3-р баг, Яргайт'),(1334,525,7,'4-р баг, Гуулин'),(1335,526,7,'1-р баг, Өндөр өнц'),(1336,526,7,'2-р баг, Эргэн дэнж'),(1337,526,7,'3-р баг, Цагаан булан'),(1338,526,7,'4-р баг, Хаяа'),(1339,526,7,'5-р баг, Цавын-Ихэр'),(1340,526,7,'6-р баг, Ширээ'),(1341,527,7,'1-р баг, Хоолт'),(1342,527,7,'2-р баг, Их-Ус'),(1343,527,7,'3-р баг, Мазар'),(1344,527,7,'4-р баг, Сайн төгрөг'),(1345,527,7,'5-р баг, Баян'),(1346,528,7,'1-р баг, Вангийн-Овоо'),(1347,528,7,'2-р баг, Ганган-Орхон'),(1348,528,7,'3-р баг, Эрдэнэтолгой'),(1349,528,7,'4-р баг, Нарийн хүр'),(1350,528,7,'5-р баг, Онгоцон-Ухаа'),(1351,528,7,'6-р баг, Жалбаа'),(1352,528,7,'7-р баг, Шанх'),(1353,528,7,'8-р баг, Орхон'),(1354,529,7,'1-р баг, Өвөр модот'),(1355,529,7,'2-р баг, Уужим'),(1356,529,7,'3-р баг, Бэрх'),(1357,529,7,'4-р баг, Шивээт'),(1358,529,7,'5-р баг, Шунхлай'),(1359,530,7,'1-р баг, Эмгэд'),(1360,530,7,'2-р баг, Цахиурт'),(1361,530,7,'3-р баг, Цохиот'),(1362,530,7,'4-р баг, Баян-Улаан'),(1364,530,7,'5-р баг, Хад'),(1365,530,7,'6-р баг, Дэвшил'),(1369,531,7,'1-р баг, Туяа'),(1370,531,7,'2-р баг, Арвайнтал'),(1371,531,7,'3-р баг, Хүрэмт'),(1372,531,7,'4-р баг, Урт'),(1373,531,7,'5-р баг, Их булаг'),(1374,531,7,'6-р баг, Алтантал'),(1379,532,7,'1-р баг, Согоот'),(1380,532,7,'2-р баг, Эмт'),(1381,532,7,'3-р баг, Дэлгэрэх'),(1382,532,7,'4-р баг, Өлзийт'),(1383,532,7,'5-р баг, Арвайхээр'),(1384,532,7,'6-р баг, Ягаантолгой'),(1385,532,7,'7-р баг, Дэлгэрэхийн дэнж'),(1386,532,7,'8-р баг, Рашаант'),(1387,532,7,'9-р баг, Бурхи'),(1388,533,7,'1-р баг, Хөөвөр'),(1389,533,7,'2-р баг, Гучин'),(1390,533,7,'3-р баг, Аргалант'),(1391,533,7,'4-р баг, Аргуйт'),(1392,534,7,'1-р баг, Өлзийт хошуу'),(1393,534,7,'2-р баг, Хөөвөр'),(1394,534,7,'3-р баг, Баян төхөм'),(1395,534,7,'4-р баг, Гүн-Ус'),(1396,534,7,'5-р баг, Далан'),(1397,534,7,'6-р баг, Ялаатай'),(1398,534,7,'7-р баг, Ховд'),(1399,535,7,'1-р баг, Улаан-Ам'),(1400,535,7,'2-р баг, Бүрэгтий'),(1401,535,7,'3-р баг, Өвт'),(1402,535,7,'4-р баг, Зөрүүлэг'),(1403,536,7,'1-р баг, Жаргалант'),(1404,536,7,'2-р баг, Таац'),(1405,536,7,'3-р баг, Шивээ-Овоо'),(1406,536,7,'4-р баг, Шуранга'),(1407,536,7,'5-р баг, Бадрал'),(1408,536,7,'6-р баг, Бөөрөлжүүт'),(1409,536,7,'7-р баг, Өлт'),(1410,536,7,'8-р баг, Онги'),(1413,537,7,'1-р баг, Бурхант'),(1414,537,7,'2-р баг, Нарт'),(1415,537,7,'3-р баг, Эмээлт'),(1416,537,7,'4-р баг, Дэрсэн хонхор'),(1417,537,7,'5-р баг, Ар агуйт'),(1418,537,7,'6-р баг, Марзат'),(1422,538,7,'1-р баг, Шарга'),(1423,538,7,'2-р баг, Баянтээг'),(1424,538,7,'3-р баг, Өндөрхөмөг'),(1425,538,7,'4-р баг, Цагаан-Овоо'),(1426,539,7,'1-р баг, Цагаан овоо'),(1427,539,7,'2-р баг, Хүүхдийн-Ус'),(1428,539,7,'3-р баг, Өлзийт хошуу'),(1429,539,7,'4-р баг, Хөөвөр'),(1438,540,7,'1-р баг, Өлзийт'),(1439,540,7,'2-р баг, Шар тал'),(1440,541,7,'1-р баг, Таримал'),(1441,541,7,'2-р баг, Тариахтай'),(1442,541,7,'3-р баг, Сэлэнгэбүрэн'),(1443,541,7,'4-р баг, Атар'),(1444,541,7,'5-р баг, Ингэт'),(1445,542,7,'1-р баг, Сөрт'),(1446,542,7,'2-р баг, Хангал'),(1447,542,7,'3-р баг'),(1448,542,7,'4-р баг, Хялганат'),(1449,543,7,'1-р баг, Арбулаг'),(1450,543,7,'2-р баг, Халиун'),(1451,543,7,'3-р баг, Бүхт'),(1452,543,7,'4-р баг, Мааньт'),(1453,543,7,'5-р баг, Мандал'),(1454,544,7,'1-р баг, Бумбат'),(1455,544,7,'2-р баг, Цахт'),(1456,544,7,'3-р баг, Дэрст'),(1457,544,7,'4-р баг, Дархан'),(1458,545,7,'1-р баг, Хараат'),(1459,545,7,'2-р баг, Лах'),(1460,545,7,'3-р баг, Доргонт'),(1461,545,7,'4-р баг, Төв'),(1462,546,7,'1-р баг, Хөгнө хан'),(1463,546,7,'2-р баг, Хар чулуут'),(1464,546,7,'3-р баг, Улаан шивээт'),(1465,547,7,'1-р баг, Ачуут'),(1466,547,7,'2-р баг, Хужирт'),(1467,547,7,'3-р баг, Агуйт'),(1468,547,7,'4-р баг, Рашаант'),(1469,547,7,'5-р баг, Жаргалант'),(1470,547,7,'6-р баг, Булган'),(1472,548,7,'1-р баг, Баянтөгөл'),(1473,548,7,'2-р баг, Ханжаргалант'),(1474,548,7,'3-р баг, Бугат'),(1475,549,7,'1-р баг, Хужирт'),(1476,549,7,'2-р баг, Харгал'),(1477,549,7,'3-р баг, Далан'),(1478,549,7,'4-р баг, Эрэн'),(1479,549,7,'5-р баг, Жаргалант'),(1480,550,7,'1-р баг, Банзар'),(1481,550,7,'2-р баг, Хүрэмт'),(1482,550,7,'3-р баг, Тээг'),(1483,550,7,'4-р баг, Жаргалант'),(1484,550,7,'5-р баг, Мааньт'),(1485,551,7,'1-р баг, Тогоо'),(1486,551,7,'2-р баг, Авзага'),(1487,551,7,'3-р баг, Агьт'),(1488,551,7,'4-р баг, Бэрх'),(1489,551,7,'5-р баг, Хөгнө'),(1490,551,7,'6-р баг, Хулст'),(1494,552,7,'1-р баг'),(1495,552,7,'2-р баг, Хантай'),(1496,552,7,'3-р баг, Уньт'),(1497,552,7,'4-р баг, Тээл'),(1498,552,7,'5-р баг, Хонгор'),(1499,553,7,'1-р баг, Жаргалант'),(1500,553,7,'2-р баг, Баясгалант'),(1501,553,7,'3-р баг, Баянгол'),(1502,553,7,'4-р баг, Баян-Уул'),(1503,553,7,'5-р баг, Эрхт'),(1504,554,7,'1-р баг, Мануулт'),(1505,554,7,'2-р баг, Угалз'),(1506,554,7,'3-р баг, Хульж'),(1507,554,7,'4-р баг, Ундрах'),(1508,554,7,'5-р баг, Хүрэмт'),(1509,554,7,'6-р баг, Сайхан-Овоо'),(1510,555,7,'1-р баг, Шарга'),(1511,555,7,'2-р баг, Баянзүрх'),(1512,555,7,'3-р баг, Баянхайрхан'),(1513,555,7,'4-р баг, Дулаанхаан'),(1514,555,7,'5-р баг, Халтар'),(1515,555,7,'6-р баг, Хүрэмт'),(1517,556,7,'1-р баг, Их халбагант'),(1518,556,7,'2-р баг, Баян-Аараг'),(1519,556,7,'3-р баг, Бага баян'),(1520,556,7,'4-р баг, Их баян'),(1521,556,7,'5-р баг, Хатан суудал'),(1522,557,7,'1-р баг, Сэнжит'),(1523,557,7,'2-р баг, Ямаат'),(1524,557,7,'3-р баг, Өвгөнжаргалант'),(1525,557,7,'4-р баг, Жанжин'),(1526,557,7,'5-р баг, Эрхэт тамч'),(1527,558,7,'1-р баг, Бурхант'),(1528,558,7,'2-р баг, Байн ам'),(1529,558,7,'3-р баг, Ёлын ам'),(1530,558,7,'4-р баг, Худаг урт'),(1531,558,7,'5-р баг, Бийрийн уулзвар'),(1532,558,7,'6-р баг, Улаан уул'),(1535,559,7,'1-р баг, Луугар'),(1536,559,7,'2-р баг, Гурван гол'),(1537,559,7,'3-р баг, Алтай'),(1538,559,7,'4-р баг, Цэлгэр'),(1539,559,7,'5-р баг, Буянт'),(1540,559,7,'6-р баг, Хориулт'),(1541,560,7,'1-р баг, Уу-булан'),(1542,560,7,'2-р баг, Хүйс'),(1543,560,7,'3-р баг, Хөнөг'),(1544,560,7,'4-р баг, Цагаан ус'),(1545,560,7,'5-р баг, Бодь'),(1546,561,7,'1-р баг, Мандалхайрхан'),(1547,561,7,'2-р баг, Уранхайрхан'),(1548,561,7,'3-р баг, Асгамба'),(1549,561,7,'4-р баг, Мэргэн'),(1550,562,7,'1-р баг, Номгон'),(1551,562,7,'2-р баг, Эрдэнэмандал'),(1552,562,7,'3-р баг, Дуурсах'),(1553,562,7,'4-р баг, Угалз'),(1554,562,7,'5-р баг, Цагаанчулуут'),(1555,562,7,'6-р баг, Гэгээн шавь'),(1556,562,7,'7-р баг, Цахир'),(1557,562,7,'8-р баг, Шаргалжуут'),(1558,563,7,'1-р баг, Хайрхан'),(1559,563,7,'2-р баг, Сүмбэр'),(1560,563,7,'3-р баг, Үнэгт'),(1561,563,7,'4-р баг, Баяннуур'),(1562,563,7,'5-р баг, Мандал'),(1563,563,7,'6-р баг, Баян хошуу'),(1567,564,7,'1-р баг, Хэлтгий булаг'),(1568,564,7,'2-р баг, Өрхт'),(1569,564,7,'3-р баг, Залаа'),(1570,564,7,'4-р баг, Цоохор'),(1571,564,7,'5-р баг, Өргөн'),(1573,565,7,'1-р баг, Баянбулаг'),(1574,565,7,'2-р баг, Оройн бууц'),(1575,565,7,'3-р баг, Буйлсан'),(1576,565,7,'4-р баг, Могой'),(1577,565,7,'5-р баг, Товгор'),(1578,565,7,'6-р баг, Зүүнхаяа'),(1579,565,7,'7-р баг, Баянсайр'),(1583,566,7,'1-р баг, Улаан сайр'),(1584,566,7,'2-р баг, Хөх толгой'),(1585,566,7,'3-р баг, Бургас'),(1586,566,7,'4-р баг, Задгай'),(1587,567,7,'1-р баг, Намтолгой'),(1588,567,7,'2-р баг, Өлзийт-Өндөр'),(1589,567,7,'3-р баг, Хөндлөн булаг'),(1590,567,7,'4-р баг, Эмээл толгой'),(1591,568,7,'1-р баг, Зараа'),(1592,568,7,'2-р баг, Уртын гол'),(1593,568,7,'3-р баг, Эрдэнэшанд'),(1594,568,7,'4-р баг, Эхэн хавцгай'),(1595,569,7,'1-р баг, Баянбулаг'),(1596,569,7,'2-р баг, Баян-Улаан'),(1597,569,7,'3-р баг, Чандмань-Овоо'),(1598,569,7,'4-р баг, Залаа-Овоо'),(1599,570,7,'1-р баг, Гичгэнэ'),(1600,570,7,'2-р баг, Дэлгэрэх'),(1601,570,7,'3-р баг, Цэцэн'),(1602,570,7,'4-р баг, Жаргалант'),(1603,570,7,'5-р баг, Баянбулаг'),(1604,571,7,'1-р баг, Тэмээт'),(1605,571,7,'2-р баг, Баян'),(1606,571,7,'3-р баг, Өлзийт'),(1607,571,7,'4-р баг, Баянбүрд'),(1608,571,7,'5-р баг, Наран'),(1609,571,7,'6-р баг, Буянт'),(1610,572,7,'1-р баг, Цэнгэл'),(1611,572,7,'2-р баг, Давааны ам'),(1612,572,7,'3-р баг, Буга'),(1613,572,7,'4-р баг, Хөвийн ам'),(1614,572,7,'5-р баг, Пионер толгой'),(1615,573,7,'1-р баг, Хөх бүрд'),(1616,573,7,'2-р баг, Сонор'),(1617,573,7,'3-р баг, Норовлин'),(1618,573,7,'4-р баг, Цорж'),(1619,573,7,'5-р баг, Дэлгэр мөрөн'),(1620,574,7,'1-р баг, Улаан үзүүр'),(1621,574,7,'2-р баг, Элгэн'),(1622,574,7,'3-р баг, Булган'),(1623,574,7,'4-р баг, Идрэн'),(1624,575,7,'1-р баг, Сангийн далай'),(1625,575,7,'2-р баг, Ар жаргалант'),(1626,575,7,'3-р баг, Хангал'),(1627,575,7,'4-р баг, Бүрд'),(1628,576,7,'1-р баг, Жаргалант'),(1629,576,7,'2-р баг, Номгон'),(1630,576,7,'3-р баг, Цайдам'),(1631,576,7,'4-р баг, Цагаан хад'),(1632,576,7,'5-р баг, Баян'),(1633,577,7,'1-р баг, Тоглох'),(1634,577,7,'2-р баг, Дойт'),(1635,577,7,'3-р баг, Өгий'),(1636,577,7,'4-р баг, Орхон'),(1637,577,7,'5-р баг, Зэгстэй'),(1638,578,7,'1-р баг, Ямаат'),(1639,578,7,'2-р баг, Бодонт'),(1640,578,7,'3-р баг, Байшир'),(1641,578,7,'4-р баг, Хөшөөт'),(1642,579,7,'1-р баг, Хотонт'),(1643,579,7,'2-р баг, Хөөвөр'),(1644,579,7,'3-р баг, Бургалтай'),(1645,579,7,'4-р баг, Улаан чулуу'),(1646,579,7,'5-р баг, Орхон'),(1647,579,7,'6-р баг, Өндөр сант'),(1648,580,7,'1-р баг, Хайрхан'),(1649,580,7,'2-р баг, Асгат'),(1650,580,7,'3-р баг, Жарантай'),(1651,580,7,'4-р баг, Могой'),(1652,580,7,'5-р баг, Өгөөмөр'),(1653,581,7,'1-р баг, Хөх сүм'),(1654,581,7,'2-р баг, Баян-Өндөр'),(1655,581,7,'3-р баг, Урантолгой'),(1656,581,7,'4-р баг, Өртөнт'),(1657,582,7,'1-р баг, Орхон'),(1658,582,7,'2-р баг, Цэцэрлэг'),(1659,582,7,'3-р баг, Цэнхэр'),(1660,582,7,'4-р баг, Алтан-Овоо'),(1661,582,7,'5-р баг, Буйлан'),(1662,582,7,'6-р баг, Тамир'),(1667,583,7,'1-р баг, Улаанчулуу'),(1668,583,7,'2-р баг, Хөнөг'),(1669,583,7,'3-р баг, Дэл'),(1670,583,7,'4-р баг, Баян-Уул'),(1671,583,7,'5-р баг, Цац'),(1672,583,7,'6-р баг, Дайрбор'),(1677,584,7,'1-р баг, Тусгалт'),(1678,584,7,'2-р баг, Зуунмод'),(1679,584,7,'3-р баг, Тамир'),(1680,584,7,'4-р баг, Баянбулаг'),(1681,586,7,'1-р баг, Алаг-Уул'),(1682,586,7,'2-р баг, Идэр-Улаан'),(1683,586,7,'3-р баг, Эрдэнэ-Уул'),(1684,586,7,'4-р баг, Хан-Өндөр'),(1685,586,7,'5-р баг, Тээл'),(1686,586,7,'6-р баг, Өлзийт'),(1687,587,7,'1-р баг, Хөхнуур'),(1688,587,7,'2-р баг, Хан-Өндөр'),(1689,587,7,'3-р баг, Борт'),(1690,587,7,'4-р баг, Бугат'),(1691,587,7,'5-р баг, Тайхар'),(1692,587,7,'6-р баг, Эрдэнэтолгой'),(1693,588,7,'1-р баг, Чулуут'),(1694,588,7,'2-р баг, Туулант'),(1695,588,7,'3-р баг, Хужирт'),(1696,588,7,'4-р баг, Хонгорж'),(1697,588,7,'5-р баг, Ихбулаг'),(1698,589,7,'1-р баг, Асайт'),(1699,589,7,'2-р баг, Хоолт'),(1700,589,7,'3-р баг, Эрдэнэ-Уул'),(1701,589,7,'4-р баг, Зуслан'),(1702,589,7,'5-р баг, Баянцагаан'),(1703,590,7,'1-р баг, Азарга'),(1704,590,7,'2-р баг, Хануй'),(1705,590,7,'3-р баг, Донгой'),(1706,590,7,'4-р баг, Бэлхи'),(1707,590,7,'5-р баг, Баянгол'),(1708,591,7,'1-р баг, Өлзийт гол'),(1709,591,7,'2-р баг, Зуунмод'),(1710,591,7,'3-р баг, Халуун-Ус'),(1711,591,7,'4-р баг, Хайрхан'),(1712,591,7,'5-р баг, Хүрэм'),(1713,592,7,'1-р баг, Тэрх'),(1714,592,7,'2-р баг, Цагааннуур'),(1715,592,7,'3-р баг, Хорго'),(1716,592,7,'4-р баг, Суман'),(1717,592,7,'5-р баг, Бөөрөлжүүт'),(1718,592,7,'6-р баг, Мөрөн'),(1719,592,7,'7-р баг, Алтаад'),(1723,593,7,'1-р баг, Чандмань'),(1724,593,7,'2-р баг, Гичгэнэ'),(1725,593,7,'3-р баг, Арбаясгалан'),(1726,593,7,'4-р баг, Баян-Улаан'),(1727,593,7,'5-р баг, Тэрх'),(1728,593,7,'6-р баг, Ноён хангай'),(1729,594,7,'1-р баг, Баянгол'),(1730,594,7,'2-р баг, Хан-уул'),(1731,594,7,'3-р баг, Цахир'),(1732,595,7,'1-р баг, Мандал'),(1733,595,7,'2-р баг, Ар тархи'),(1734,595,7,'3-р баг, Таван толгой'),(1735,595,7,'4-р баг, Сэлэнгэ'),(1736,595,7,'5-р баг, Баянхошуу'),(1737,595,7,'6-р баг, Давааны ар'),(1738,596,7,'1-р баг, Бөөрөлж'),(1739,596,7,'2-р баг, Булган тал'),(1740,596,7,'3-р баг, Зэрлэг'),(1741,596,7,'4-р баг, Дуурга'),(1742,596,7,'5-р баг, Удган'),(1743,597,7,'1-р баг, Уялган'),(1744,597,7,'2-р баг, Үүр'),(1745,597,7,'3-р баг, Дархинт'),(1746,597,7,'4-р баг, Булган'),(1747,598,7,'1-р баг, Шивээ'),(1748,598,7,'2-р баг, Их-уул'),(1749,598,7,'3-р баг, Асгат'),(1750,598,7,'4-р баг, Мандал'),(1751,598,7,'5-р баг, Сэлэнгэ'),(1752,599,7,'1-р баг, Тээл'),(1753,599,7,'2-р баг, Талын ус'),(1754,599,7,'3-р баг, Энх тал'),(1755,599,7,'4-р баг, Цэнгэл'),(1756,599,7,'5-р баг, Их ац'),(1757,600,7,'1-р баг, Тураг'),(1758,600,7,'2-р баг, Хороо'),(1759,600,7,'3-р баг, Турт'),(1760,601,7,'1-р баг, Шивэрт'),(1761,601,7,'2-р баг, Ёлгос'),(1762,601,7,'3-р баг, Улаан асга'),(1763,601,7,'4-р баг, Хөхөө'),(1764,601,7,'5-р баг, Хайрхан толгой'),(1765,602,7,'1-р баг, Зуны гол'),(1766,602,7,'2-р баг, Навчилтай'),(1767,602,7,'3-р баг, Баян-Эрхт'),(1768,602,7,'4-р баг, Алтгана'),(1769,602,7,'5-р баг, Бийж'),(1770,602,7,'6-р баг'),(1771,603,7,'1-р баг, Мухар хөндий'),(1772,603,7,'2-р баг, Сэлэнгэ'),(1773,603,7,'3-р баг, Тээл'),(1774,603,7,'4-р баг, Сүүл Улаан'),(1775,603,7,'5-р баг, Цэнгэл'),(1776,605,7,'1-р баг, Шувуут'),(1777,605,7,'2-р баг, Ужиг /Цагаан бэлчир/'),(1778,605,7,'3-р баг, Яргис'),(1779,605,7,'4-р баг, Баясгалан'),(1780,605,7,'5-р баг, Манхан'),(1781,605,7,'6-р баг, Хатгал тосон'),(1782,606,7,'1-р баг, Жаргалант'),(1783,606,7,'2-р баг, Нарийн'),(1784,606,7,'3-р баг, Тариат'),(1785,606,7,'4-р баг, Тээл'),(1786,606,7,'5-р баг, Сумын төв'),(1787,607,7,'1-р баг, Хөндий'),(1788,607,7,'2-р баг, Хоолойн зах'),(1789,607,7,'3-р баг, Ходон'),(1790,607,7,'4-р баг, Далайн зах'),(1791,607,7,'5-р баг, Ёлт'),(1792,607,7,'6-р баг, Зөөлөн'),(1793,608,7,'1-р баг, Нүхт'),(1794,608,7,'2-р баг, Зүрх'),(1795,608,7,'3-р баг, Рашаант'),(1796,608,7,'4-р баг, Хужирт'),(1797,608,7,'5-р баг, Галт'),(1798,609,7,'1-р баг, Хавтага'),(1799,609,7,'2-р баг, Бор гол'),(1800,609,7,'3-р баг, Бэл булаг'),(1801,609,7,'4-р баг, Сүмбэр'),(1802,609,7,'5-р баг, Тарган нуур'),(1803,609,7,'6-р баг, Урт булаг'),(1804,610,7,'1-р баг, Сангийн далай'),(1805,610,7,'2-р баг, Бүрэнхаан'),(1806,610,7,'3-р баг, Их уул'),(1807,610,7,'4-р баг, Баянхошуу'),(1808,610,7,'5-р баг, Туяа'),(1809,610,7,'6-р баг, Эрчим'),(1810,611,7,'1-р баг, Сангийн далай'),(1811,611,7,'2-р баг, Баяннуур'),(1812,611,7,'3-р баг, Баянзүрх'),(1813,611,7,'4-р баг, Нүхт'),(1814,612,7,'1-р баг, Хөнжил'),(1815,612,7,'2-р баг, Цэцүүх'),(1816,612,7,'3-р баг, Цагаан бургас'),(1817,612,7,'4-р баг, Харгана'),(1818,612,7,'5-р баг, Оргил'),(1819,613,7,'1-р баг, Гурван сайхан'),(1820,613,7,'2-р баг, Хармай'),(1821,614,7,'1-р баг, Шивлэг'),(1822,614,7,'2-р баг, Тоом'),(1823,614,7,'3-р баг, Мунгараг'),(1824,614,7,'4-р баг, Соёо'),(1825,614,7,'5-р баг, Төгөл'),(1826,615,7,'1-р баг, Эмт'),(1827,615,7,'2-р баг, Хайс'),(1828,615,7,'3-р баг, Тоом'),(1829,615,7,'4-р баг, Агар'),(1830,615,7,'5-р баг, Бэлтэс'),(1831,616,7,'1-р баг, Агар'),(1832,616,7,'2-р баг, Өвгөд'),(1833,616,7,'3-р баг, Тосон'),(1834,616,7,'4-р баг, Хужирт'),(1835,616,7,'5-р баг, Шарга'),(1836,616,7,'6-р баг, Жаргалант'),(1837,617,7,'1-р баг, Дэлгэрхаан'),(1838,617,7,'2-р баг, Зуун мод'),(1839,617,7,'3-р баг, Ренчинжугнай'),(1840,617,7,'4-р баг, Уранхайрхан'),(1841,617,7,'5-р баг, Халбан'),(1842,617,7,'6-р баг, Жаргалант'),(1843,617,7,'7-р баг, Бүрхээр'),(1849,618,7,'1-р баг, Баян-Ухаа'),(1850,618,7,'2-р баг, Үржил'),(1851,618,7,'3-р баг, Хуягт'),(1852,618,7,'4-р баг, Хонгор'),(1853,618,7,'5-р баг, Цэцүүх'),(1854,618,7,'6-р баг, Зарт'),(1855,619,7,'1-р баг, Дархан-Уул'),(1856,619,7,'2-р баг, Хайрхан'),(1857,619,7,'3-р баг, Улаантолгой'),(1858,619,7,'4-р баг, Рашаант'),(1859,619,7,'5-р баг, Баян-Улаан'),(1860,619,7,'6-р баг, Идэр'),(1861,619,7,'7-р баг, Оргих'),(1862,620,7,'1-р баг, Шургах'),(1863,620,7,'2-р баг, Өгөөмөр'),(1864,620,7,'3-р баг, Нуур'),(1865,620,7,'4-р баг, Баянтэгш'),(1866,620,7,'5-р баг, Баян-айраг'),(1867,620,7,'6-р баг, Өвөгдий'),(1868,621,7,'1-р баг, Мануустай'),(1869,621,7,'2-р баг, Цэцэрлэг'),(1870,621,7,'3-р баг, Загастай'),(1871,621,7,'4-р баг, Дархан-Уул'),(1872,622,7,'1-р баг, Буянт'),(1873,622,7,'2-р баг, Баянбулаг'),(1874,622,7,'3-р баг, Бадрал'),(1875,622,7,'4-р баг, Соёл'),(1876,622,7,'5-р баг, Онц'),(1877,622,7,'6-р баг, Хужирт'),(1878,624,7,'1-р баг, Хөдрөг'),(1879,624,7,'2-р баг, Баянзүрх'),(1880,624,7,'3-р баг, Дархан-Уул'),(1881,624,7,'4-р баг, Нуур'),(1882,624,7,'5-р баг, Хайрхан'),(1883,625,7,'1-р баг, Цэцэрлэг'),(1884,625,7,'2-р баг, Онц'),(1885,625,7,'3-р баг, Баянбулаг'),(1886,625,7,'4-р баг, Агьт'),(1887,626,7,'1-р баг, Зүйл'),(1888,626,7,'2-р баг, Жаргалант'),(1889,626,7,'3-р баг, Өргөн'),(1890,626,7,'4-р баг, Хэц-Улаан'),(1891,626,7,'5-р баг, Чандмань'),(1892,627,7,'1-р баг, Чандмань'),(1893,627,7,'2-р баг, Баянулаан'),(1894,627,7,'3-р баг, Хөгжил'),(1895,627,7,'4-р баг, Сайхан'),(1896,628,7,'1-р баг, Арц'),(1897,628,7,'2-р баг, Жавцаг'),(1898,628,7,'3-р баг, Дэлгэр'),(1899,628,7,'4-р баг, Баянхайрхан'),(1900,629,7,'1-р баг, Бужир'),(1901,629,7,'2-р баг, Жавхлан'),(1902,629,7,'3-р баг, Зайгал'),(1903,629,7,'4-р баг, Хачиг'),(1904,630,7,'1-р баг, Суварга'),(1905,630,7,'2-р баг, Аргалант'),(1906,631,7,'1-р баг, Асгат'),(1907,631,7,'2-р баг, Минж'),(1908,631,7,'3-р баг, Наран'),(1909,631,7,'4-р баг, Төөнт'),(1910,632,7,'1-р баг, Алдар'),(1911,632,7,'2-р баг, Аргалант'),(1912,632,7,'3-р баг, Богдын гол'),(1913,632,7,'4-р баг, Өгөөмөр'),(1914,632,7,'5-р баг, Чигэстэй'),(1915,632,7,'6-р баг, Мандаат'),(1920,633,7,'1-р баг, Баянцагаан'),(1921,633,7,'2-р баг, Аргалант'),(1922,633,7,'3-р баг, Цорго'),(1923,633,7,'4-р баг, Ойгон'),(1924,634,7,'1-р баг, Оройн товгор'),(1925,634,7,'2-р баг, Жаргалант'),(1926,634,7,'3-р баг, Сангийн далай'),(1927,634,7,'4-р баг, Шотой'),(1928,634,7,'5-р баг, Батсуурь'),(1929,635,7,'1-р баг, Баян-Айраг'),(1930,635,7,'2-р баг, Айраг нуур'),(1931,635,7,'3-р баг, Шар нуруу'),(1932,635,7,'4-р баг, Тариат'),(1933,635,7,'5-р баг, Бор-Өндөр'),(1934,636,7,'1-р баг, Багануур'),(1935,636,7,'2-р баг, Баянзүрх'),(1936,636,7,'3-р баг, Алтан'),(1937,636,7,'4-р баг, Мөсөн'),(1938,636,7,'5-р баг, Хайрхан'),(1939,637,7,'1-р баг, Дооно'),(1940,637,7,'2-р баг, Нисэг'),(1941,637,7,'3-р баг, Баян-Уул'),(1942,637,7,'4-р баг, Зүр'),(1943,638,7,'1-р баг, Баян-Улаан'),(1944,638,7,'2-р баг, Баяннуур'),(1945,638,7,'3-р баг, Баяндавс'),(1946,638,7,'4-р баг, Холбоо'),(1947,639,7,'1-р баг, Мандал'),(1948,639,7,'2-р баг, Олонбулаг'),(1949,639,7,'3-р баг, Олонтүрүү'),(1950,639,7,'4-р баг, Нуга'),(1951,640,7,'1-р баг, Буга'),(1952,640,7,'2-р баг, Цогт'),(1953,640,7,'3-р баг, Тавантолгой'),(1954,640,7,'4-р баг, Буурал'),(1955,640,7,'5-р баг, Онц'),(1956,641,7,'1-р баг, Тосгуур'),(1957,641,7,'2-р баг, Хульж'),(1958,641,7,'3-р баг, Нуур зөөхий'),(1959,641,7,'4-р баг, Хүнгий'),(1960,641,7,'5-р баг, Баян-Улаан'),(1966,642,7,'1-р баг, Баян-Өндөр'),(1967,642,7,'2-р баг, Баянхонгор'),(1968,642,7,'3-р баг, Баянбуурал'),(1969,642,7,'4-р баг, Баянсан'),(1970,642,7,'5-р баг, Гуулин'),(1971,643,7,'1-р баг, Чандмань-Уул'),(1972,643,7,'2-р баг, Өлзийбулаг'),(1973,643,7,'3-р баг, Эрдэнэ-Уул'),(1974,643,7,'4-р баг, Хүрхрээ'),(1975,644,7,'1-р баг, Сангийн далай'),(1976,644,7,'2-р баг, Цэцэг нуур'),(1977,644,7,'3-р баг, Цагаан-Уул'),(1978,644,7,'4-р баг, Өлзийт'),(1979,645,7,'1-р баг, Мянгай'),(1980,645,7,'2-р баг, Урт'),(1981,645,7,'3-р баг, Их булаг'),(1982,645,7,'4-р баг, Буудай'),(1983,645,7,'5-р баг, Хүрэмт'),(1984,646,7,'1-р баг, Рашаант'),(1985,646,7,'2-р баг, Далан'),(1986,646,7,'3-р баг, Гэгээт'),(1987,646,7,'4-р баг, Төгрөг'),(1988,646,7,'5-р баг, Баян-Өндөр'),(1989,646,7,'6-р баг, Баян-Улаан'),(1990,646,7,'7-р баг, Баян тоорой'),(1991,647,7,'1-р баг, Хуримт'),(1992,647,7,'2-р баг, Галуут'),(1993,647,7,'3-р баг, Далан'),(1994,648,7,'1-р баг, Баянхайрхан'),(1995,648,7,'2-р баг, Баяншанд'),(1996,648,7,'3-р баг, Жаргалант'),(1997,648,7,'4-р баг, Харзат'),(1998,649,7,'1-р баг, Сүүж'),(1999,649,7,'2-р баг, Гүү бариач'),(2000,649,7,'3-р баг, Олон булаг'),(2001,649,7,'4-р баг, Чацран'),(2002,650,7,'1-р баг, Бүрэн'),(2003,650,7,'2-р баг, Тээл'),(2004,650,7,'3-р баг, Завхан гол'),(2005,651,7,'1-р баг, Бүрэн'),(2006,651,7,'2-р баг, Баянгол'),(2007,651,7,'3-р баг, Дэрстэй'),(2008,651,7,'4-р баг, Жаргалт'),(2009,652,7,'1-р баг, Бадрал'),(2010,652,7,'2-р баг, Баянцагаан'),(2011,652,7,'3-р баг, Урт'),(2012,652,7,'4-р баг, Баян-Овоо'),(2013,653,7,'1-р баг, Баянгол'),(2014,653,7,'2-р баг, Хамтын хүч'),(2015,653,7,'3-р баг, Сондуулт'),(2016,653,7,'4-р баг, Улаан туг'),(2017,654,7,'1-р баг, Баян богд'),(2018,654,7,'2-р баг, Чандмань хайрхан'),(2019,654,7,'3-р баг, Баянхайрхан'),(2020,654,7,'4-р баг, Хүйсийн говь'),(2021,654,7,'5-р баг, Баянговь'),(2022,654,7,'6-р баг, Алтангадас'),(2027,655,7,'1-р баг, Хүрэн гол'),(2028,655,7,'2-р баг, Төгрөгийн эх'),(2029,655,7,'3-р баг, Мааньт'),(2030,655,7,'4-р баг, Цагаан хайрхан'),(2031,655,7,'5-р баг, Тунгалаг'),(2032,656,7,'1-р баг, Цоохор'),(2033,656,7,'2-р баг, Завхан гол'),(2034,656,7,'3-р баг, Сангийн далай'),(2035,656,7,'4-р баг, Хүйсийн говь'),(2036,656,7,'5-р баг, Сайн-Уст'),(2037,657,7,'1-р баг, Ихэс'),(2038,657,7,'2-р баг, Хужирт'),(2039,657,7,'3-р баг, Жавхлант'),(2040,657,7,'4-р баг, Үйлдвэр'),(2041,658,7,'1-р баг, Биж'),(2042,658,7,'2-р баг, Ферм'),(2043,658,7,'3-р баг, Гаханч'),(2044,658,7,'4-р баг, Сүж'),(2045,658,7,'5-р баг, Баянгол'),(2046,659,7,'1-р баг, Бүс-Уул'),(2047,659,7,'2-р баг, Тамч'),(2048,659,7,'3-р баг, Зүйл'),(2049,659,7,'4-р баг, Алтансоёмбо'),(2050,659,7,'5-р баг, Алтайн-Оргил'),(2051,660,7,'1-р баг, Улаагчин'),(2052,660,7,'2-р баг, Сайхан'),(2053,660,7,'3-р баг, Булган'),(2054,660,7,'4-р баг, Жаргалант'),(2055,660,7,'5-р баг, Хужирт'),(2056,660,7,'6-р баг, Сөнхөл'),(2057,660,7,'7-р баг, Улаанхус'),(2058,661,7,'1-р баг, Цэцэгт'),(2059,661,7,'2-р баг, Баяннуур'),(2060,661,7,'3-р баг, Цагаан арал'),(2061,661,7,'4-р баг, Шар цэхээ'),(2062,661,7,'5-р баг, Цул улаан'),(2063,662,7,'1-р баг, Хаш'),(2064,662,7,'2-р баг, Баянбулаг'),(2065,662,7,'3-р баг, Улаанхаргана'),(2066,662,7,'4-р баг, Цагаан түнгэ'),(2067,663,7,'1-р баг, Хатуу'),(2068,663,7,'2-р баг, Улаан толгой'),(2069,663,7,'3-р баг'),(2070,663,7,'4-р баг, Бугын гол'),(2071,664,7,'1-р баг, Далакөл'),(2072,664,7,'2-р баг, Саралахаз'),(2073,664,7,'3-р баг, Хар уул'),(2074,664,7,'4-р баг, Чихэртэй'),(2075,664,7,'5-р баг, Рашаант'),(2076,664,7,'6-р баг, Бугат'),(2077,664,7,'7-р баг, Хөх сэрх'),(2078,664,7,'8-р баг, Бүргэд'),(2079,664,7,'9-р баг, Хөх толгой'),(2080,664,7,'10-р баг, Хүйтэн нуур'),(2081,665,7,'1-р баг, Хош'),(2082,665,7,'2-р баг, Толбо нуур'),(2083,665,7,'3-р баг, Хонгор өлөн'),(2084,665,7,'4-р баг, Дөрөө нуур'),(2085,665,7,'5-р баг, Хөх толгой'),(2086,665,7,'6-р баг, Бураат'),(2087,666,7,'1-р баг, Бахлаг'),(2088,666,7,'2-р баг, Чихтэй'),(2089,666,7,'3-р баг, Ховд'),(2090,666,7,'4-р баг, Улаанчулуун'),(2091,666,7,'5-р баг, Ямаат'),(2092,666,7,'6-р баг, Хызылхайын'),(2093,666,7,'7-р баг, Хосхарагай'),(2094,666,7,'8-р баг, Асгат'),(2095,666,7,'9-р баг, Цагааннуур'),(2096,668,7,'1-р баг, Хөх эрэг'),(2097,668,7,'2-р баг, Хөлцөөт'),(2098,668,7,'3-р баг, Өмнөгол'),(2099,668,7,'4-р баг, Шар тохойт'),(2100,669,7,'1-р баг, Хар нуур'),(2101,669,7,'2-р баг, Улаан хад'),(2102,669,7,'3-р баг, Бардам'),(2103,669,7,'4-р баг, Чихэртэй'),(2104,669,7,'5-р баг, Борбургас'),(2105,670,7,'1-р баг, Ямаат'),(2106,670,7,'2-р баг, Хол агаш'),(2107,670,7,'3-р баг, Ахкорим'),(2108,670,7,'4-р баг, Хаг'),(2109,670,7,'5-р баг, Уужим'),(2110,671,7,'1-р баг, Их ойгор'),(2111,671,7,'2-р баг, Хөх хөтөл'),(2112,671,7,'3-р баг, Хулжаа'),(2113,671,7,'4-р баг, Согоог'),(2114,671,7,'5-р баг, Баян зүрх'),(2115,671,7,'6-р баг, Даян'),(2116,671,7,'7-р баг, Билүү'),(2117,671,7,'8-р баг, Билүү 2'),(2118,672,7,'1-р баг, Шарговь'),(2119,672,7,'2-р баг, Загаст нуур'),(2120,672,7,'3-р баг, Цагаан түнгэ'),(2121,672,7,'4-р баг, Хар уул'),(2122,672,7,'5-р баг, Бор бургас'),(2123,672,7,'6-р баг, Уст тохой'),(2124,672,7,'7-р баг, Долоон гаталга'),(2125,672,7,'8-р баг, Партизан'),(2126,672,7,'9-р баг, Хөшөөт'),(2127,673,7,'1-р баг, Булаг'),(2128,673,7,'2-р баг, Дэлгэр'),(2129,673,7,'3-р баг, Мөрөн'),(2130,673,7,'4-р баг, Мөнгөн аяга'),(2131,673,7,'5-р баг, Булган'),(2132,674,7,'1-р баг, Агваш'),(2133,674,7,'2-р баг, Сээр'),(2134,674,7,'3-р баг, Аргалант'),(2135,674,7,'4-р баг, Өгөөмөр'),(2136,675,7,'1-р баг, Талын булаг'),(2137,675,7,'2-р баг, Тахилт'),(2138,675,7,'3-р баг, Баянхайрхан'),(2139,675,7,'4-р баг, Сүлжээ'),(2140,675,7,'5-р баг, Урд гол'),(2141,675,7,'6-р баг, Жаргалант'),(2146,676,7,'1-р баг, Хажинга'),(2147,676,7,'2-р баг, Баянгол'),(2148,676,7,'3-р баг, Баян-Овоо'),(2149,676,7,'4-р баг, Цэцэг нуур'),(2150,676,7,'5-р баг, Хөшөөт'),(2151,677,7,'1-р баг, Гүвээ'),(2152,677,7,'2-р баг, Бургасан'),(2153,677,7,'3-р баг, Бураа'),(2154,677,7,'4-р баг, Эхэн'),(2155,677,7,'5-р баг, Хөндлөн'),(2156,678,7,'1-р баг, Цэцэг гол'),(2157,678,7,'2-р баг, Хужирт'),(2158,678,7,'3-р баг, Баянхайрхан'),(2159,678,7,'4-р баг, Давст'),(2160,678,7,'5-р баг, Улаантолгой'),(2161,679,7,'1-р баг, Бодонч'),(2162,679,7,'2-р баг, Алтангадас'),(2163,679,7,'3-р баг, Барлаг'),(2164,679,7,'4-р баг, Тахилт'),(2165,680,7,'1-р баг, Нарийн гол'),(2166,680,7,'2-р баг, Цагаанбургас'),(2167,680,7,'3-р баг, Наранхайрхан'),(2168,680,7,'4-р баг, Цагаан-Эрэг'),(2169,680,7,'5-р баг, Норжинхайрхан'),(2170,681,7,'1-р баг, Чацаргант'),(2171,681,7,'2-р баг, Баянбулаг'),(2172,681,7,'3-р баг, Гахайт'),(2173,681,7,'4-р баг, Цагаанбулан'),(2174,681,7,'5-р баг, Баянхошуу'),(2175,682,7,'1-р баг, Тахилт'),(2176,682,7,'2-р баг, Зэрэг гол'),(2177,682,7,'3-р баг, Улаан хүрээ'),(2178,682,7,'4-р баг, Баянгол'),(2180,682,7,'5-р баг, Ботгон'),(2181,682,7,'6-р баг, Төгрөг гол'),(2185,683,7,'1-р баг, Цагаантүнгэ'),(2186,683,7,'2-р баг, Нарийн гол'),(2187,683,7,'3-р баг, Жаргалан'),(2188,683,7,'4-р баг, Улиаст'),(2189,683,7,'5-р баг, Хөх үзүүр'),(2190,684,7,'1-р баг, Алагтолгой'),(2191,684,7,'2-р баг, Баатархайрхан'),(2192,684,7,'3-р баг, Бичигт'),(2193,684,7,'4-р баг, Бугат'),(2194,684,7,'5-р баг, Буянт'),(2195,684,7,'6-р баг, Жаргалан'),(2196,684,7,'7-р баг, Магсаржав'),(2197,684,7,'8-р баг, Наран'),(2198,684,7,'9-р баг, Рашаант'),(2199,684,7,'10-р баг, Тахилт'),(2200,685,7,'1-р баг, Баянбулаг'),(2201,685,7,'2-р баг, Цагаанбургас'),(2202,685,7,'3-р баг, Баруун салаа'),(2203,685,7,'4-р баг, Улаанбураа'),(2204,685,7,'5-р баг, Дунд ус'),(2205,686,7,'1-р баг, Баянгол'),(2206,686,7,'2-р баг, Намаржин'),(2207,686,7,'3-р баг, Хонгио'),(2208,686,7,'4-р баг, Шураг'),(2209,686,7,'5-р баг, Хар ус'),(2210,687,7,'1-р баг, Алаг'),(2211,687,7,'2-р баг, Борт'),(2212,687,7,'3-р баг, Хаг'),(2213,687,7,'4-р баг, Сэнхэр'),(2214,688,7,'1-р баг, Шивэр'),(2215,688,7,'2-р баг, Хөх бэлчир'),(2216,688,7,'3-р баг, Цагаан бургас'),(2217,688,7,'4-р баг, Босго'),(2218,689,7,'1-р баг, Баянгол'),(2219,689,7,'2-р баг, Баянсудал'),(2220,689,7,'3-р баг, Байтаг'),(2221,689,7,'4-р баг, Алагтолгой'),(2222,689,7,'5-р баг, Далт'),(2223,689,7,'6-р баг, Бүрэнхайрхан'),(2225,690,7,'1-р баг, Даланбулаг'),(2226,690,7,'2-р баг, Баянгол'),(2227,690,7,'3-р баг, Жаргалант'),(2228,690,7,'4-р баг, Хайрхан'),(2229,691,7,'1-р баг, Туруун'),(2230,691,7,'2-р баг, Шанд'),(2231,691,7,'3-р баг, Баян-Айраг'),(2232,691,7,'4-р баг, Зүүн туруун'),(2233,692,7,'1-р баг, Цалуу'),(2234,692,7,'2-р баг, Батсайхан'),(2235,692,7,'3-р баг, Цагааннуур'),(2236,692,7,'4-р баг, Жаргалант'),(2237,692,7,'5-р баг, Цэцэрлэг'),(2238,693,7,'1-р баг, Баяннуур'),(2239,693,7,'2-р баг, Өгөөмөр'),(2240,693,7,'3-р баг, Суврага'),(2241,693,7,'4-р баг, Тохой'),(2242,693,7,'5-р баг, Зэлийн гол'),(2243,694,7,'1-р баг, Хулж'),(2244,694,7,'2-р баг, Даланхуруу'),(2245,694,7,'3-р баг, Хунт'),(2246,694,7,'4-р баг, Арбулаг'),(2247,695,7,'10-р баг'),(2248,695,7,'9-р баг'),(2249,695,7,'8-р баг'),(2250,695,7,'6-р баг'),(2251,695,7,'5-р баг'),(2252,695,7,'4-р баг'),(2253,695,7,'3-р баг'),(2254,695,7,'2-р баг'),(2255,695,7,'1-р баг'),(2256,696,7,'1-р баг, Хангай'),(2257,696,7,'2-р баг, Бугат'),(2258,696,7,'3-р баг, Хайрхан'),(2259,696,7,'4-р баг, Дэлгэр'),(2260,697,7,'1-р баг, Баянмандал'),(2261,697,7,'2-р баг, Цалгар'),(2262,697,7,'3-р баг, Баянхайрхан'),(2263,697,7,'4-р баг, Баян-Эрдэнэ'),(2264,698,7,'1-р баг, Айраг нуур'),(2265,698,7,'2-р баг, Хармагт'),(2266,698,7,'3-р баг, Хяргас нуур'),(2267,698,7,'4-р баг, Шар булаг'),(2268,699,7,'1-р баг, Гүн бүрд'),(2269,699,7,'2-р баг, Алдар'),(2270,699,7,'3-р баг, Хужирт'),(2271,699,7,'4-р баг, Улаан-Үзүүр'),(2272,700,7,'1-р баг, Торхилог'),(2273,700,7,'2-р баг, Зүүнхөвөө'),(2274,700,7,'3-р баг, Хандгайт'),(2275,701,7,'1-р баг, Бургастай'),(2276,701,7,'2-р баг, Тарвагатай'),(2277,701,7,'3-р баг, Мянган'),(2278,701,7,'4-р баг, Толь'),(2279,701,7,'5-р баг, Хөхөө'),(2280,701,7,'6-р баг, Хархираа'),(2281,702,7,'1-р баг, Чаргат'),(2282,702,7,'2-р баг, Өлгий нуур'),(2283,702,7,'3-р баг, Хулст нуур'),(2284,702,7,'4-р баг, Хөдөлмөр'),(2285,704,7,'1-р баг, Баянзүрх'),(2286,704,7,'2-р баг, Боршоо'),(2287,704,7,'3-р баг, Өндөр мод'),(2288,704,7,'4-р баг, Үүрэг нуур'),(2289,704,7,'5-р баг, Хар мод'),(2290,705,7,'1-р баг, Баянхайрхан'),(2291,705,7,'2-р баг, Рашаант'),(2292,705,7,'3-р баг, Эрдэнэхайрхан'),(2293,706,7,'1-р баг, Холбоо'),(2294,706,7,'2-р баг, Улиаст'),(2295,706,7,'3-р баг, Орлого'),(2296,706,7,'4-р баг, Баянгол'),(2297,706,7,'5-р баг, Намир'),(2298,707,7,'1-р баг, Гурван жигэртэй'),(2299,707,7,'2-р баг, Хар алтат'),(2300,707,7,'3-р баг, Байшинт'),(2301,708,7,'1-р баг, Ховд'),(2302,708,7,'2-р баг, Шивэр'),(2303,708,7,'3-р баг, Ачит'),(2304,708,7,'4-р баг, Халиунбулаг'),(2305,623,7,'1-р баг, Жинст'),(2306,623,7,'2-р баг, Жаргалант'),(2307,623,7,'3-р баг, Чигэстэй'),(2308,623,7,'4-р баг, Богдын гол'),(2309,623,7,'5-р баг, Товцог'),(2310,623,7,'6-р баг, Өлзийт'),(2311,385,7,'6-р баг'),(2312,385,7,'7-р баг'),(2313,385,7,'1-р баг'),(2314,385,7,'2-р баг'),(2315,385,7,'3-р баг'),(2316,385,7,'10-р баг'),(2317,385,7,'4-р баг'),(2318,385,7,'9-р баг'),(2319,385,7,'5-р баг'),(2320,385,7,'8-р баг'),(2321,432,7,'1-р баг, Номт'),(2322,432,7,'2-р баг, Ланс'),(2323,432,7,'3-р баг, Баянхошуу'),(2324,432,7,'4-р баг, Зүүндэлгэр'),(2325,432,7,'5-р баг, Нацагдорж'),(2326,432,7,'6-р баг, Баруун зуунмод'),(2327,703,7,'1-р баг'),(2328,703,7,'2-р баг'),(2329,703,7,'3-р баг'),(2330,703,7,'4-р баг'),(2331,703,7,'5-р баг'),(2332,703,7,'6-р баг'),(2333,703,7,'7-р баг'),(2334,703,7,'8-р баг'),(2335,703,7,'9-р баг'),(2336,703,7,'10-р баг'),(2337,703,7,'11-р баг'),(2338,667,7,'1-р баг, Хуст арал'),(2339,667,7,'2-р баг, Цагаан эрэг'),(2340,667,7,'3-р баг, Бөхөн-Уул'),(2341,667,7,'4-р баг, Их булан'),(2342,667,7,'5-р баг, Ховд гол'),(2343,667,7,'6-р баг, Хөх толгой'),(2344,667,7,'7-р баг, Хотгор'),(2345,667,7,'8-р баг, Ах хус тау'),(2346,604,7,'9-р баг'),(2347,604,7,'8-р баг'),(2348,604,7,'7-р баг'),(2349,604,7,'6-р баг'),(2350,604,7,'5-р баг'),(2351,604,7,'4-р баг'),(2352,604,7,'3-р баг'),(2353,604,7,'2-р баг'),(2354,604,7,'1-р баг'),(2355,604,7,'10-р баг'),(2356,585,7,'1-р баг, Цагаан даваа'),(2357,585,7,'2-р баг, Арслан цохио'),(2358,585,7,'3-р баг, Цогт уул'),(2359,585,7,'4-р баг, Бор толгой'),(2360,585,7,'5-р баг, Наранбулаг'),(2361,585,7,'6-р баг, Цагаан дэл'),(4679,381,7,'3-р баг, Түмэнхаан'),(4680,384,7,'4-р баг, Хотонт'),(4681,386,7,'3-р баг, Сүмийн булаг'),(4682,388,7,'5-р баг, Улз'),(4683,392,7,'3-р баг, Баян-Уул'),(4684,399,7,'5-р баг'),(4686,399,7,'6-р баг'),(4687,399,7,'7-р баг'),(4688,399,7,'8-р баг'),(4689,399,7,'9-р баг'),(4690,488,7,'17-р баг, Өргөө баг'),(4691,488,7,'18-р баг, Малчин'),(4692,562,7,'9-р баг, Есөнбулаг'),(4693,604,7,'11-р баг'),(4694,604,7,'12-р баг'),(4695,604,7,'13-р баг'),(4696,648,7,'5-р баг, Рашаант'),(4697,648,7,'6-р баг, Наран'),(4698,667,7,'9-р баг, Хөх хад'),(4699,670,7,'6-р баг, Даян'),(4700,684,7,'11-р баг, Хайрхан'),(4701,684,7,'12-р баг, Цамбагарав'),(4702,695,7,'7-р баг'),(4703,695,7,'11-р баг'),(4704,5,5,'Бор-Өндөр'),(4705,4704,7,'1-р баг, Бор-Өндөр'),(4706,4704,7,'2-р баг, Холбоо'),(4707,4704,7,'3-р баг, Бумбат'),(4708,4704,7,'4-р баг, Уурхайчин'),(4709,4704,7,'5-р баг, Хүйх'),(4710,4704,7,'6-р баг, Өлгий'),(4711,33,8,'1-р хэсэг'),(4712,34,8,'1-р хэсэг'),(4713,35,8,'1-р хэсэг'),(4714,36,8,'1-р хэсэг'),(4715,37,8,'1-р хэсэг'),(4716,56,8,'1-р хэсэг'),(4717,57,8,'1-р хэсэг'),(4718,66,8,'1-р хэсэг'),(4719,67,8,'1-р хэсэг'),(4720,68,8,'1-р хэсэг'),(4721,69,8,'1-р хэсэг'),(4722,70,8,'1-р хэсэг'),(4723,71,8,'1-р хэсэг'),(4724,72,8,'1-р хэсэг'),(4725,95,8,'1-р хэсэг'),(4726,96,8,'1-р хэсэг'),(4727,97,8,'1-р хэсэг'),(4728,98,8,'1-р хэсэг'),(4729,99,8,'1-р хэсэг'),(4730,100,8,'1-р хэсэг'),(4731,101,8,'1-р хэсэг'),(4732,102,8,'1-р хэсэг'),(4733,103,8,'1-р хэсэг'),(4734,104,8,'1-р хэсэг'),(4735,105,8,'1-р хэсэг'),(4736,106,8,'1-р хэсэг'),(4737,107,8,'1-р хэсэг'),(4738,108,8,'1-р хэсэг'),(4739,109,8,'1-р хэсэг'),(4740,110,8,'1-р хэсэг'),(4741,111,8,'1-р хэсэг'),(4742,112,8,'1-р хэсэг'),(4743,113,8,'1-р хэсэг'),(4744,114,8,'1-р хэсэг'),(4745,115,8,'1-р хэсэг'),(4746,116,8,'1-р хэсэг'),(4747,117,8,'1-р хэсэг'),(4748,118,8,'1-р хэсэг'),(4749,119,8,'1-р хэсэг'),(4750,120,8,'1-р хэсэг'),(4751,121,8,'1-р хэсэг'),(4752,122,8,'1-р хэсэг'),(4753,163,8,'1-р хэсэг'),(4754,164,8,'1-р хэсэг'),(4755,165,8,'1-р хэсэг'),(4756,166,8,'1-р хэсэг'),(4757,167,8,'1-р хэсэг'),(4758,168,8,'1-р хэсэг'),(4759,169,8,'1-р хэсэг'),(4760,170,8,'1-р хэсэг'),(4761,171,8,'1-р хэсэг'),(4762,172,8,'1-р хэсэг'),(4763,173,8,'1-р хэсэг'),(4764,174,8,'1-р хэсэг'),(4765,175,8,'1-р хэсэг'),(4766,176,8,'1-р хэсэг'),(4767,177,8,'1-р хэсэг'),(4768,178,8,'1-р хэсэг'),(4769,179,8,'1-р хэсэг'),(4770,180,8,'1-р хэсэг'),(4771,181,8,'1-р хэсэг'),(4772,182,8,'1-р хэсэг'),(4773,203,8,'1-р хэсэг'),(4774,204,8,'1-р хэсэг'),(4775,205,8,'1-р хэсэг'),(4776,206,8,'1-р хэсэг'),(4777,207,8,'1-р хэсэг'),(4778,208,8,'1-р хэсэг'),(4779,209,8,'1-р хэсэг'),(4780,210,8,'1-р хэсэг'),(4781,211,8,'1-р хэсэг'),(4782,212,8,'1-р хэсэг'),(4783,213,8,'1-р хэсэг'),(4784,214,8,'1-р хэсэг'),(4785,215,8,'1-р хэсэг'),(4786,216,8,'1-р хэсэг'),(4787,217,8,'1-р хэсэг'),(4788,218,8,'1-р хэсэг'),(4789,219,8,'1-р хэсэг'),(4790,220,8,'1-р хэсэг'),(4791,221,8,'1-р хэсэг'),(4792,225,8,'1-р хэсэг'),(4793,226,8,'1-р хэсэг'),(4794,227,8,'1-р хэсэг'),(4795,228,8,'1-р хэсэг'),(4796,229,8,'1-р хэсэг'),(4797,230,8,'1-р хэсэг'),(4798,231,8,'1-р хэсэг'),(4799,232,8,'1-р хэсэг'),(4800,233,8,'1-р хэсэг'),(4801,234,8,'1-р хэсэг'),(4802,235,8,'1-р хэсэг'),(4803,236,8,'1-р хэсэг'),(4804,237,8,'1-р хэсэг'),(4805,238,8,'1-р хэсэг'),(4806,239,8,'1-р хэсэг'),(4807,240,8,'1-р хэсэг'),(4808,241,8,'1-р хэсэг'),(4809,242,8,'1-р хэсэг'),(4810,243,8,'1-р хэсэг'),(4811,244,8,'1-р хэсэг'),(4812,245,8,'1-р хэсэг'),(4813,246,8,'1-р хэсэг'),(4814,247,8,'1-р хэсэг'),(4815,252,8,'1-р хэсэг'),(4816,253,8,'1-р хэсэг'),(4817,254,8,'1-р хэсэг'),(4818,255,8,'1-р хэсэг'),(4819,256,8,'1-р хэсэг'),(4820,257,8,'1-р хэсэг'),(4821,258,8,'1-р хэсэг'),(4822,259,8,'1-р хэсэг'),(4823,260,8,'1-р хэсэг'),(4824,261,8,'1-р хэсэг'),(4825,262,8,'1-р хэсэг'),(4826,264,8,'1-р хэсэг'),(4827,265,8,'1-р хэсэг'),(4828,266,8,'1-р хэсэг'),(4829,267,8,'1-р хэсэг'),(4830,268,8,'1-р хэсэг'),(4831,293,8,'1-р хэсэг'),(4832,294,8,'1-р хэсэг'),(4833,295,8,'1-р хэсэг'),(4834,296,8,'1-р хэсэг'),(4835,297,8,'1-р хэсэг'),(4836,298,8,'1-р хэсэг'),(4837,299,8,'1-р хэсэг'),(4838,300,8,'1-р хэсэг'),(4839,301,8,'1-р хэсэг'),(4840,302,8,'1-р хэсэг'),(4841,303,8,'1-р хэсэг'),(4842,304,8,'1-р хэсэг'),(4843,305,8,'1-р хэсэг'),(4844,306,8,'1-р хэсэг'),(4845,307,8,'1-р хэсэг'),(4846,308,8,'1-р хэсэг'),(4847,309,8,'1-р хэсэг'),(4848,310,8,'1-р хэсэг'),(4849,311,8,'1-р хэсэг'),(4850,312,8,'1-р хэсэг'),(4851,313,8,'1-р хэсэг'),(4852,314,8,'1-р хэсэг'),(4853,315,8,'1-р хэсэг'),(4854,316,8,'1-р хэсэг'),(4855,317,8,'1-р хэсэг'),(4856,318,8,'1-р хэсэг'),(4857,319,8,'1-р хэсэг'),(4858,320,8,'1-р хэсэг'),(4859,321,8,'1-р хэсэг'),(4860,322,8,'1-р хэсэг'),(4861,323,8,'1-р хэсэг'),(4862,324,8,'1-р хэсэг'),(4863,520,7,'20-р баг, Даваат'),(4864,520,7,'21-р баг, Уртын гол'),(4865,520,7,'22-р баг, Яргуйт'),(4866,594,7,'4-р баг, Жинст'),(4867,585,7,'7-р баг'),(4868,557,7,'6-р баг'),(4869,667,7,'10-р баг, Харасай'),(4870,667,7,'11-р баг, Бүркит'),(4871,667,7,'12-р баг, Жасыл бах'),(4872,667,7,'13-р баг, Жана ауыл'),(4873,546,7,'4-р баг, Аргалхайрхан'),(4874,648,7,'7-р баг, Жинст'),(4875,648,7,'8-р баг, Индэрт'),(4876,648,7,'9-р баг, Түмэн'),(4877,648,7,'10-р баг, Оргил'),(4878,471,7,'4-р баг, Сүлд'),(4879,471,7,'5-р баг, Борхойн'),(4880,480,7,'6-р баг'),(4881,480,7,'7-р баг'),(4882,387,7,'4-р баг, Чулуут'),(4883,381,7,'6-р баг, Эрдэнэбадрах'),(4884,633,7,'5-р баг, Шар нуруу'),(4885,456,7,'6-р баг, Баянхангай'),(4886,456,7,'7-р баг, Минжийнхангай'),(4887,456,7,'8-р баг, Тарни'),(4888,456,7,'9-р баг, Баянарцат'),(4889,461,7,'6-р баг, Орхон'),(4890,461,7,'7-р баг, Ган зам'),(4891,461,7,'8-р баг, Буур хээр'),(4892,405,7,'4-р баг, Баянцогт'),(4893,703,7,'12-р баг'),(4894,604,7,'14-р баг'),(4895,532,7,'10-р баг, Ноён'),(4896,532,7,'11-р баг, Хүйс толгой'),(4897,535,7,'5-р баг, Хүйтэн'),(4898,529,7,'6-р баг, Дулаан'),(4899,489,7,'5-р баг, Хайрхан'),(4900,492,7,'4-р баг, Өгөөмөр'),(4901,31,6,'18-р хороо'),(4902,31,6,'17-р хороо'),(4903,5,5,'Өндөрхаан');
/*!40000 ALTER TABLE `ref_area` ENABLE KEYS */;
UNLOCK TABLES;

--
-- Table structure for table `ref_country`
--

DROP TABLE IF EXISTS `ref_country`;
/*!40101 SET @saved_cs_client     = @@character_set_client */;
 SET character_set_client = utf8mb4 ;
CREATE TABLE `ref_country` (
  `CountryID` int(11) unsigned NOT NULL AUTO_INCREMENT,
  `CountryName` varchar(250) CHARACTER SET utf8 COLLATE utf8_general_ci NOT NULL,
  `CountryShortName` varchar(10) CHARACTER SET utf8 COLLATE utf8_general_ci NOT NULL,
  `CountryOrder` smallint(5) NOT NULL DEFAULT '0',
  PRIMARY KEY (`CountryID`)
) ENGINE=InnoDB AUTO_INCREMENT=256 DEFAULT CHARSET=utf8;
/*!40101 SET character_set_client = @saved_cs_client */;

--
-- Dumping data for table `ref_country`
--

LOCK TABLES `ref_country` WRITE;
/*!40000 ALTER TABLE `ref_country` DISABLE KEYS */;
INSERT INTO `ref_country` VALUES (1,'Afghanistan','af',0),(2,'Albania','al',0),(3,'Algeria','dz',0),(4,'American Samoa','as',0),(5,'Andorra','ad',0),(6,'Angola','ao',0),(7,'Anguilla','ai',0),(8,'Antarctica','aq',0),(9,'Antigua and Barbuda','ag',0),(10,'Argentina','ar',0),(11,'Armenia','am',0),(12,'Aruba','aw',0),(13,'Australia','au',0),(14,'Austria','at',0),(15,'Azerbaijan','az',0),(16,'Bahamas','bs',0),(17,'Bahrain','bh',0),(18,'Bangladesh','bd',0),(19,'Barbados','bb',0),(20,'Belarus','by',0),(21,'Belgium','be',0),(22,'Belize','bz',0),(23,'Benin','bj',0),(24,'Bermuda','bm',0),(25,'Bhutan','bt',0),(26,'Bolivia','bo',0),(27,'Bosnia and Herzegovina','ba',0),(28,'Botswana','bw',0),(29,'Bouvet Island','bv',0),(30,'Brazil','br',0),(31,'British Indian Ocean Territory','io',0),(32,'British Virgin Islands','vg',0),(33,'Brunei','bn',0),(34,'Bulgaria','bg',0),(35,'Burkina Faso','bf',0),(36,'Burundi','bi',0),(37,'Cambodia','kh',0),(38,'Cameroon','cm',0),(39,'Canada','ca',0),(40,'Cape Verde','cv',0),(41,'Cayman Islands','ky',0),(42,'Central African Republic','cf',0),(43,'Chad','td',0),(44,'Chile','cl',0),(45,'China','cn',0),(46,'Christmas Island','cx',0),(47,'Cocos Islands','cc',0),(48,'Colombia','co',0),(49,'Comoros','km',0),(50,'Congo','cg',0),(51,'Cook Islands','ck',0),(52,'Costa Rica','cr',0),(53,'Croatia','hr',0),(54,'Cuba','cu',0),(55,'Cyprus','cy',0),(56,'Czech Republic','cz',0),(57,'Denmark','dk',0),(58,'Djibouti','dj',0),(59,'Dominica','dm',0),(60,'Dominican Republic','do',0),(61,'East Timor','tp',0),(62,'Ecuador','ec',0),(63,'Egypt','eg',0),(64,'El Salvador','sv',0),(65,'Equatorial Guinea','gq',0),(66,'Eritrea','er',0),(67,'Estonia','ee',0),(68,'Ethiopia','et',0),(69,'Falkland Islands','fk',0),(70,'Faroe Islands','fo',0),(71,'Fiji','fj',0),(72,'Finland','fi',0),(73,'France','fr',0),(74,'French Guiana','gf',0),(75,'French Polynesia','pf',0),(76,'French Southern Territories','tf',0),(77,'Gabon','ga',0),(78,'Gambia','gm',0),(79,'Georgia','ge',0),(80,'Germany','de',0),(81,'Ghana','gh',0),(82,'Gibraltar','gi',0),(83,'Greece','gr',0),(84,'Greenland','gl',0),(85,'Grenada','gd',0),(86,'Guadeloupe','gp',0),(87,'Guam','gu',0),(88,'Guatemala','gt',0),(89,'Guinea','gn',0),(90,'Guinea-Bissau','gw',0),(91,'Guyana','gy',0),(92,'Haiti','ht',0),(93,'Heard and McDonald Islands','hm',0),(94,'Honduras','hn',0),(95,'Hong Kong','hk',0),(96,'Hungary','hu',0),(97,'Iceland','is',0),(98,'India','in',0),(99,'Indonesia','id',0),(100,'Iran','ir',0),(101,'Iraq','iq',0),(102,'Ireland','ie',0),(103,'Israel','il',0),(104,'Italy','it',0),(105,'Ivory Coast','ci',0),(106,'Jamaica','jm',0),(107,'Japan','jp',0),(108,'Jordan','jo',0),(109,'Kazakhstan','kz',0),(110,'Kenya','ke',0),(111,'Kiribati','ki',0),(112,'Kuwait','kw',0),(113,'Kyrgyzstan','kg',0),(114,'Laos','la',0),(115,'Latvia','lv',0),(116,'Lebanon','lb',0),(117,'Lesotho','ls',0),(118,'Liberia','lr',0),(119,'Libya','ly',0),(120,'Liechtenstein','li',0),(121,'Lithuania','lt',0),(122,'Luxembourg','lu',0),(123,'Macau','mo',0),(124,'Macedonia','mk',0),(125,'Madagascar','mg',0),(126,'Malawi','mw',0),(127,'Malaysia','my',0),(128,'Maldives','mv',0),(129,'Mali','ml',0),(130,'Malta','mt',0),(131,'Marshall Islands','mh',0),(132,'Martinique','mq',0),(133,'Mauritania','mr',0),(134,'Mauritius','mu',0),(135,'Mayotte','yt',0),(136,'Mexico','mx',0),(137,'Micronesia','fm',0),(138,'Moldova','md',0),(139,'Monaco','mc',0),(140,'Montserrat','ms',0),(141,'Morocco','ma',0),(142,'Mozambique','mz',0),(143,'Myanmar','mm',0),(144,'Namibia','na',0),(145,'Nauru','nr',0),(146,'Nepal','np',0),(147,'Netherlands','nl',0),(148,'Netherlands Antilles','an',0),(149,'New Caledonia','nc',0),(150,'New Zealand','nz',0),(151,'Nicaragua','ni',0),(152,'Niger','ne',0),(153,'Nigeria','ng',0),(154,'Niue','nu',0),(155,'Norfolk Island','nf',0),(156,'North Korea','kp',0),(157,'Northern Mariana Islands','mp',0),(158,'Norway','no',0),(159,'Oman','om',0),(160,'Pakistan','pk',0),(161,'Palau','pw',0),(162,'Panama','pa',0),(163,'Papua New Guinea','pg',0),(164,'Paraguay','py',0),(165,'Peru','pe',0),(166,'Philippines','ph',0),(167,'Pitcairn Island','pn',0),(168,'Poland','pl',0),(169,'Portugal','pt',0),(170,'Puerto Rico','pr',0),(171,'Qatar','qa',0),(172,'Reunion','re',0),(173,'Romania','ro',0),(174,'Russia','ru',0),(175,'Rwanda','rw',0),(176,'S. Georgia and S. Sandwich Isls.','gs',0),(177,'Saint Kitts & Nevis','kn',0),(178,'Saint Lucia','lc',0),(179,'Saint Vincent and The Grenadines','vc',0),(180,'Samoa','ws',0),(181,'San Marino','sm',0),(182,'Sao Tome and Principe','st',0),(183,'Saudi Arabia','sa',0),(184,'Senegal','sn',0),(185,'Serbia and Montenegro','yu',0),(186,'Seychelles','sc',0),(187,'Sierra Leone','sl',0),(188,'Singapore','sg',0),(189,'Slovakia','sk',0),(190,'Slovenia','si',0),(191,'Solomon Islands','sp',0),(192,'Somalia','so',0),(193,'South Africa','za',0),(194,'South Korea','kr',0),(195,'Spain','es',0),(196,'Sri Lanka','lk',0),(197,'St. Helena','sh',0),(198,'St. Pierre and Miquelon','pm',0),(199,'Sudan','sd',0),(200,'Suriname','sr',0),(201,'Svalbard and Jan Mayen Islands','sj',0),(202,'Swaziland','sz',0),(203,'Sweden','se',0),(204,'Switzerland','ch',0),(205,'Syria','sy',0),(206,'Taiwan','tw',0),(207,'Tajikistan','tj',0),(208,'Tanzania','tz',0),(209,'Thailand','th',0),(210,'Togo','tg',0),(211,'Tokelau','tk',0),(212,'Tonga','to',0),(213,'Trinidad and Tobago','tt',0),(214,'Tunisia','tn',0),(215,'Turkey','tr',0),(216,'Turkmenistan','tm',0),(217,'Turks and Caicos Islands','tc',0),(218,'Tuvalu','tv',0),(219,'U.S. Minor Outlying Islands','um',0),(220,'Uganda','ug',0),(221,'Ukraine','ua',0),(222,'United Arab Emirates','ae',0),(223,'United Kingdom','uk',0),(224,'United States of America','us',0),(225,'Uruguay','uy',0),(226,'Uzbekistan','uz',0),(227,'Vanuatu','vu',0),(228,'Vatican City','va',0),(229,'Venezuela','ve',0),(230,'Vietnam','vn',0),(231,'Virgin Islands','vi',0),(232,'Wallis and Futuna Islands','wf',0),(233,'Western Sahara','eh',0),(234,'Yemen','ye',0),(235,'Zaire','zr',0),(236,'Zambia','zm',0),(237,'Zimbabwe','zw',0),(238,'Монгол','mn',1);
/*!40000 ALTER TABLE `ref_country` ENABLE KEYS */;
UNLOCK TABLES;

--
-- Table structure for table `sys_package`
--

DROP TABLE IF EXISTS `sys_package`;
/*!40101 SET @saved_cs_client     = @@character_set_client */;
 SET character_set_client = utf8mb4 ;
CREATE TABLE `sys_package` (
  `PackageID` int(11) unsigned NOT NULL AUTO_INCREMENT,
  `PackageName` varchar(200) DEFAULT NULL,
  `PackageOrder` smallint(6) DEFAULT NULL,
  PRIMARY KEY (`PackageID`)
) ENGINE=InnoDB AUTO_INCREMENT=11 DEFAULT CHARSET=utf8;
/*!40101 SET character_set_client = @saved_cs_client */;

--
-- Dumping data for table `sys_package`
--

LOCK TABLES `sys_package` WRITE;
/*!40000 ALTER TABLE `sys_package` DISABLE KEYS */;
INSERT INTO `sys_package` VALUES (1,'-',1),(4,'Үндсэн бүртгэл',2),(5,'Администратор',7),(8,'Сонгуулийн үр дүн',5),(9,'Намын үйл ажиллагаа',4),(10,'Нэгдсэн тайлан &amp; статистик',6);
/*!40000 ALTER TABLE `sys_package` ENABLE KEYS */;
UNLOCK TABLES;

--
-- Table structure for table `sys_packagesystem`
--

DROP TABLE IF EXISTS `sys_packagesystem`;
/*!40101 SET @saved_cs_client     = @@character_set_client */;
 SET character_set_client = utf8mb4 ;
CREATE TABLE `sys_packagesystem` (
  `SystemID` int(11) unsigned NOT NULL AUTO_INCREMENT,
  `SystemParentID` int(11) unsigned DEFAULT '0',
  `SystemPackageID` int(11) unsigned DEFAULT NULL,
  `SystemName` varchar(200) DEFAULT NULL,
  `SystemModule` varchar(200) DEFAULT NULL,
  `SystemPrivID` int(11) unsigned DEFAULT '0',
  `SystemOrder` smallint(6) DEFAULT NULL,
  `SystemIcon` varchar(100) DEFAULT NULL,
  `SystemCountChild` smallint(6) DEFAULT '0',
  PRIMARY KEY (`SystemID`),
  KEY `SystemModule` (`SystemModule`)
) ENGINE=InnoDB AUTO_INCREMENT=97 DEFAULT CHARSET=utf8;
/*!40101 SET character_set_client = @saved_cs_client */;

--
-- Dumping data for table `sys_packagesystem`
--

LOCK TABLES `sys_packagesystem` WRITE;
/*!40000 ALTER TABLE `sys_packagesystem` DISABLE KEYS */;
INSERT INTO `sys_packagesystem` VALUES (1,0,1,'НҮҮР','home',0,1,'flaticon2-architecture-and-city',0),(2,0,4,'Намын бүтэц','department',0,1,'flaticon2-group',2),(3,2,4,'Удирдлага, зохион байгуулалт','department',0,1,NULL,0),(4,2,4,'Ажил үүргийн хуваарь','position',0,2,NULL,0),(5,0,4,'Намын гишүүнчлэл','humanres',0,1,'flaticon2-group',2),(6,5,4,'Намын гишүүний бүртгэл','employee',0,1,NULL,0),(7,8,4,'Сонгуульт гишүүний бүртгэл','employee',0,2,NULL,0),(8,0,4,'Намын ажлын түүх','humanreselect',0,3,'flaticon2-group',1),(46,0,5,'Администратор','admin',1000,1,'flaticon2-group',1),(47,46,5,'Хэрэглэгчийн эрх','user',71,1,NULL,0),(85,0,8,'Сонгуулийн үр дүн','empty',0,NULL,'flaticon2-group',5),(86,85,8,'Ерөнхийлөгчийн сонгууль','empty',0,NULL,NULL,0),(87,85,8,'УИХ-ын сонгууль','empty',0,NULL,NULL,0),(88,85,8,'Аймгийн ИТХ-ын сонгууль','empty',0,NULL,NULL,0),(89,85,8,'Сумын ИТХ-ын сонгууль','empty',0,NULL,NULL,0),(90,85,8,'Багийн ИНХ-ын сонгууль','empty',0,NULL,NULL,0),(91,0,9,'Намын үйл ажиллагаа','empty',0,NULL,'flaticon2-group',3),(92,91,9,'Төрсөн өдрийн мэндчилгээ','empty',0,NULL,NULL,0),(93,91,9,'Уралдаан, тэмцээн','empty',0,NULL,NULL,0),(94,91,9,'Намаас зохион байгуулсан арга хэмжээ','empty',0,NULL,NULL,0),(95,0,10,'Нэгдсэн тайлан &amp; статистик','report',0,NULL,'flaticon2-group',1),(96,95,10,'Намын гишүүний бүртгэлийн статистик','report1',0,NULL,NULL,0);
/*!40000 ALTER TABLE `sys_packagesystem` ENABLE KEYS */;
UNLOCK TABLES;

--
-- Table structure for table `sys_packagesystemlist`
--

DROP TABLE IF EXISTS `sys_packagesystemlist`;
/*!40101 SET @saved_cs_client     = @@character_set_client */;
 SET character_set_client = utf8mb4 ;
CREATE TABLE `sys_packagesystemlist` (
  `SystemID` int(11) unsigned NOT NULL AUTO_INCREMENT,
  `SystemPackageID` int(11) unsigned DEFAULT NULL,
  `SystemName` varchar(200) DEFAULT NULL,
  `SystemNameLong` varchar(200) DEFAULT NULL,
  `SystemOrder` smallint(6) DEFAULT NULL,
  PRIMARY KEY (`SystemID`),
  KEY `FK_sys_packagesystem` (`SystemPackageID`),
  CONSTRAINT `FK_sys_packagesystem` FOREIGN KEY (`SystemPackageID`) REFERENCES `sys_package` (`PackageID`) ON DELETE CASCADE ON UPDATE CASCADE
) ENGINE=InnoDB AUTO_INCREMENT=13 DEFAULT CHARSET=utf8;
/*!40101 SET character_set_client = @saved_cs_client */;

--
-- Dumping data for table `sys_packagesystemlist`
--

LOCK TABLES `sys_packagesystemlist` WRITE;
/*!40000 ALTER TABLE `sys_packagesystemlist` DISABLE KEYS */;
INSERT INTO `sys_packagesystemlist` VALUES (6,4,'Систем №6. Хүний нөөц','Хүний нөөц',6),(7,5,'Систем №7. Админ','Админ',7),(8,5,'Систем №8. Лавлагаа','Лавлагаа',8);
/*!40000 ALTER TABLE `sys_packagesystemlist` ENABLE KEYS */;
UNLOCK TABLES;

--
-- Table structure for table `sys_packagesystemmodule`
--

DROP TABLE IF EXISTS `sys_packagesystemmodule`;
/*!40101 SET @saved_cs_client     = @@character_set_client */;
 SET character_set_client = utf8mb4 ;
CREATE TABLE `sys_packagesystemmodule` (
  `ModuleID` int(11) unsigned NOT NULL AUTO_INCREMENT,
  `ModuleSystemID` int(11) unsigned DEFAULT NULL,
  `ModuleSystemLocalID` int(11) unsigned DEFAULT NULL,
  `ModuleClassName` varchar(200) DEFAULT NULL,
  `ModuleName` varchar(200) DEFAULT NULL,
  `ModulePrivDefault` smallint(6) DEFAULT '0',
  `ModuleOrder` smallint(6) DEFAULT '0',
  `ModulePrivLocal` smallint(6) DEFAULT '0',
  PRIMARY KEY (`ModuleID`),
  KEY `ModuleSystemID` (`ModuleSystemID`)
) ENGINE=InnoDB AUTO_INCREMENT=110 DEFAULT CHARSET=utf8;
/*!40101 SET character_set_client = @saved_cs_client */;

--
-- Dumping data for table `sys_packagesystemmodule`
--

LOCK TABLES `sys_packagesystemmodule` WRITE;
/*!40000 ALTER TABLE `sys_packagesystemmodule` DISABLE KEYS */;
INSERT INTO `sys_packagesystemmodule` VALUES (1,31,1,'Ерөнхий','Ирсэн бичиг системд хандах',1,1,0),(2,31,1,'Бүртгэл','Ирсэн бичгийн бүртгэлд хандах / Унших /',0,2,0),(3,31,1,'Бүртгэл','Ирсэн бичгийг бүртгэх',0,3,0),(4,31,1,'Бүртгэл','Ирсэн бичгийг бүртгэх давуу эрх /бүх бичгийг засах, устгах/',0,4,0),(5,31,1,'Миний бичиг','Миний бичиг /Хамрах хүрээ : Зохион байгуулалтын нэгж/',0,13,0),(6,31,1,'Миний бичиг','Миний бичиг /Хамрах хүрээ : Зохион байгуулалтын нэгж, харьяа нэгж/',0,14,0),(7,31,1,'Миний бичиг','Миний бичиг /Хамрах хүрээ : Зохион байгуулалтын нэгж, харьяа болон харьяалагдах нэгж/',0,15,0),(8,31,1,'Миний бичиг','Миний бичиг /Хамрах хүрээ : Байгууллагын хэмжээнд/',0,16,0),(9,31,1,'Тайлан','Статистик дэлгэрэнгүй үзэх',0,17,0),(10,31,1,'Тайлан','Тайлан үзэх',0,18,0),(11,31,1,'Тохиргоо','Тохиргоонд хандах',0,19,0),(12,32,2,'Ерөнхий','Явуулсан бичиг системд хандах',1,20,0),(13,32,2,'Бүртгэл','Явуулсан бичгийн бүртгэлд хандах',0,21,0),(14,32,2,'Бүртгэл','Явуулсан бичгийг бүртгэх',0,22,0),(15,32,2,'Бүртгэл','Явуулсан бичгийг бүртгэх давуу эрх /бүх бичгийг засах, устгах/',0,23,0),(16,32,2,'Миний бичиг','Миний бичиг /Хамрах хүрээ : Зохион байгуулалтын нэгж/',0,24,0),(17,32,2,'Миний бичиг','Миний бичиг /Хамрах хүрээ : Зохион байгуулалтын нэгж, харьяа нэгж/',0,25,0),(18,32,2,'Миний бичиг','Миний бичиг /Хамрах хүрээ : Зохион байгуулалтын нэгж, харьяа болон харьяалагдах нэгж/',0,26,0),(19,32,2,'Миний бичиг','Миний бичиг /Хамрах хүрээ : Байгууллагын хэмжээнд/',0,27,0),(20,32,2,'Тайлан','Статистик дэлгэрэнгүй үзэх',0,28,0),(21,32,2,'Тайлан','Тайлан үзэх',0,29,0),(22,33,3,'Ерөнхий','Өргөдөл, гомдол системд хандах',1,1,0),(23,33,3,'Бүртгэл','Өргөдөл, гомдлын бүртгэлд хандах / Унших /',0,2,0),(24,33,3,'Бүртгэл','Өргөдөл, гомдол бүртгэх',0,3,0),(25,33,3,'Бүртгэл','Өргөдөл, гомдол бүртгэх давуу эрх /бүх бичгийг засах, устгах/',0,4,0),(26,33,3,'Миний шийдвэрлэх өргөдөл, гомдол','Шийдвэрлэх өргөдөл, гомдол /Хамрах хүрээ : Зохион байгуулалтын нэгж/',0,5,0),(27,33,3,'Миний шийдвэрлэх өргөдөл, гомдол','Шийдвэрлэх өргөдөл, гомдол /Хамрах хүрээ : Зохион байгуулалтын нэгж, харьяа нэгж/',0,6,0),(28,33,3,'Миний шийдвэрлэх өргөдөл, гомдол','Шийдвэрлэх өргөдөл, гомдол /Хамрах хүрээ : Зохион байгуулалтын нэгж, харьяа болон харьяалагдах нэгж/',0,7,0),(29,33,3,'Миний шийдвэрлэх өргөдөл, гомдол','Шийдвэрлэх өргөдөл, гомдол /Хамрах хүрээ : Байгууллагын хэмжээнд/',0,8,0),(30,33,3,'Тайлан','Статистик дэлгэрэнгүй үзэх',0,12,0),(31,33,3,'Тайлан','Тайлан үзэх',0,12,0),(32,33,3,'Тохиргоо','Тохиргоонд хандах',0,13,0),(42,34,4,'Ерөнхий','110 системд хандах',0,1,0),(43,34,4,'Бүртгэл','110 бүртгэлд хандах / Унших /',0,2,0),(44,34,4,'Бүртгэл','110 бүртгэх',0,3,0),(45,34,4,'Бүртгэл','110 бүртгэх давуу эрх /бүх бичгийг засах, устгах/',0,4,0),(46,33,3,'Миний шийдвэрлэх өргөдөл, гомдол','Өргөдөл, гомдол хаах',0,10,0),(47,33,3,'Миний шийдвэрлэх өргөдөл, гомдол','Өргөдөл, гомдол шилжүүлэх',0,11,0),(48,35,5,'Ерөнхий','Гэмт хэргийн бүртгэл системд хандах',0,1,0),(49,35,5,'Бүртгэл','Бүртгэлд хандах / Унших /',0,2,0),(50,35,5,'Бүртгэл','Бүртгэх',0,3,0),(51,35,5,'Бүртгэл','Хэрэг сэргээх',0,4,0),(52,35,5,'Бүртгэл','Хэрэг түдгэлзүүлэх',0,5,0),(53,35,5,'Бүртгэл','Хугацаа сунгах',0,6,0),(54,35,5,'Миний шийдвэрлэх гэмт хэрэг','Шийдвэрлэх гэмт хэрэг /Хамрах хүрээ : Зохион байгуулалтын нэгж/',0,7,0),(55,35,5,'Миний шийдвэрлэх гэмт хэрэг','Шийдвэрлэх гэмт хэрэг /Хамрах хүрээ : Зохион байгуулалтын нэгж, харьяа нэгж/',0,8,0),(56,35,5,'Миний шийдвэрлэх гэмт хэрэг','Шийдвэрлэх гэмт хэрэг /Хамрах хүрээ : Байгууллагын хэмжээнд /',0,9,0),(57,33,3,'Миний шийдвэрлэх өргөдөл, гомдол','Өргөдөл, гомдол хугацаа сунгах',0,12,0),(58,33,3,'Бүртгэл','Өргөдөл, гомдол түр зогсоох',0,5,0),(59,31,1,'Миний бичиг','Ирсэн бичгийг шийдвэрлэх',0,17,0),(60,33,3,'Миний шийдвэрлэх өргөдөл, гомдол','Өргөдөл, гомдол шийдвэрлэх',0,9,0),(61,35,5,'Тайлан','Тайлан',0,19,0),(62,35,5,'Тайлан','Жагсаалт',0,20,0),(63,33,3,'Миний шийдвэрлэх өргөдөл, гомдол','Өргөдөл, гомдол шийдвэрлэлт цуцлах',0,12,0),(64,33,3,'Миний шийдвэрлэх өргөдөл, гомдол','Өргөдөл, гомдол буцаах',0,13,0),(65,33,3,'Миний шийдвэрлэх өргөдөл, гомдол','Хэрэг үүсгэх',0,14,0),(66,36,6,'Ерөнхий','Хүний нөөцийн системд хандах',0,1,0),(67,36,6,'Бүртгэл','Бүртгэлд хандах',0,2,0),(68,36,6,'Бүртгэл','Бүртгэх',0,3,0),(69,37,7,'Бүртгэл','Администраторт хандах',0,0,0),(70,33,3,'Тайлан','Судалгаа, шинжилгээ',0,12,0),(71,37,7,'Бүртгэл','Хэрэглэгчийн эрх',0,0,0),(72,38,8,'Бүртгэл','Лавлагаанд хандах',0,1,0),(73,38,8,'Бүртгэл','Төрийн байгууллагын мэдээлэл бүртгэх',0,2,0),(74,35,5,'Миний шийдвэрлэх гэмт хэрэг','Хэрэг хянах / Хянасан төлөв өөрчлөх /',0,10,0),(75,35,5,'Миний шийдвэрлэх гэмт хэрэг','Графикт оруулах',0,11,0),(76,36,6,'Жагсаалт','Хүний нөөцийн дэлгэрэнгүй жагсаалтад хандах',0,4,0),(77,39,10,'Ерөнхий','Зөрчлийн хэргийн бүртгэл системд хандах',0,1,0),(78,39,10,'Бүртгэл','Бүртгэлд хандах / Унших /',0,2,0),(79,39,10,'Бүртгэл','Бүртгэх',0,3,0),(80,39,10,'Миний шийдвэрлэх гэмт хэрэг','Шийдвэрлэх гэмт хэрэг /Хамрах хүрээ : Зохион байгуулалтын нэгж/',0,5,0),(81,39,10,'Миний шийдвэрлэх гэмт хэрэг','Шийдвэрлэх гэмт хэрэг /Хамрах хүрээ : Зохион байгуулалтын нэгж, харьяа нэгж/',0,6,0),(82,39,10,'Миний шийдвэрлэх гэмт хэрэг','Шийдвэрлэх гэмт хэрэг /Хамрах хүрээ : Байгууллагын хэмжээнд /',0,7,0),(83,39,10,'Тайлан','Тайлан',0,8,0),(85,39,10,'Бүртгэл','Хугацаа сунгах',0,4,0),(86,38,8,'Бүртгэл','Гомдол :: Төрийн албаны ангилал бүртгэх',0,3,0),(87,38,8,'Бүртгэл','Гомдол :: Үйл ажиллагааны чиглэл бүртгэх',0,4,0),(88,38,8,'Бүртгэл','Гомдол :: Үйл ажиллагааны ангилал бүртгэх',0,5,0),(89,40,11,'Ерөнхий','Сахилгын мэдээ системд хандах',0,1,0),(90,40,11,'Бүртгэл','Бүртгэлд хандах / Унших /',0,2,0),(91,40,11,'Бүртгэл','Бүртгэх',0,3,0),(92,41,12,'Ерөнхий','Албаны шалгалт явуулсан мэдээ системд хандах',0,1,0),(93,41,12,'Бүртгэл','Бүртгэлд хандах / Унших /',0,2,0),(94,41,12,'Бүртгэл','Бүртгэх',0,3,0),(95,41,12,'Бүртгэл','Хугацаа сунгах',0,4,0),(96,41,11,'Бүртгэл','Бүртгэх / Давуу эрх /',0,4,0),(97,38,8,'Бүртгэл','Нутаг дэвсгэрийн бүртгэл',0,0,0),(98,35,5,'Миний шийдвэрлэх гэмт хэрэг','Мөрдөгчийн мэдэгдэл бүртгэх',0,12,0),(99,35,5,'Миний шийдвэрлэх гэмт хэрэг','Шүүхээр шийдвэрлэгдсэн хэргийн бүртгэл',0,13,0),(100,31,1,'Миний бичиг','Хугацаа сунгах',0,17,0),(101,35,5,'Тайлан','Жагсаалт давуу эрх',0,21,0),(102,36,6,'Тайлан','Тайлан',0,4,0),(103,35,5,'Банкны дугаар олголт','Дугаар олголтод хандах',0,22,0),(104,35,5,'Банкны дугаар олголт','Дугаар авах',0,23,0),(105,35,5,'Банкны дугаар олголт','Дугаар авах / давуу эрх /',0,24,0),(106,36,6,'Лавлагаа','Бүх нийтийн амралтын өдөр бүртгэх',0,4,0),(107,35,5,'Хариу мэдэгдэх хуудас','Дугаар олголтод хандах',0,25,0),(108,35,5,'Хариу мэдэгдэх хуудас','Дугаар авах',0,26,0),(109,35,5,'Хариу мэдэгдэх хуудас','Дугаар авах / давуу эрх /',0,27,0);
/*!40000 ALTER TABLE `sys_packagesystemmodule` ENABLE KEYS */;
UNLOCK TABLES;

--
-- Table structure for table `sys_packagesystempriv`
--

DROP TABLE IF EXISTS `sys_packagesystempriv`;
/*!40101 SET @saved_cs_client     = @@character_set_client */;
 SET character_set_client = utf8mb4 ;
CREATE TABLE `sys_packagesystempriv` (
  `PrivNetworkID` varchar(9) DEFAULT NULL,
  `PrivOfficeID` int(11) NOT NULL DEFAULT '1',
  `PrivPersonID` int(11) unsigned NOT NULL,
  `PrivModuleID` int(11) unsigned NOT NULL,
  `Priv` smallint(6) DEFAULT '0',
  PRIMARY KEY (`PrivOfficeID`,`PrivPersonID`,`PrivModuleID`),
  KEY `PrivModuleID` (`PrivModuleID`),
  CONSTRAINT `sys_packagesystempriv_ibfk_1` FOREIGN KEY (`PrivModuleID`) REFERENCES `sys_packagesystemmodule` (`ModuleID`) ON DELETE CASCADE ON UPDATE CASCADE
) ENGINE=InnoDB DEFAULT CHARSET=utf8;
/*!40101 SET character_set_client = @saved_cs_client */;

--
-- Dumping data for table `sys_packagesystempriv`
--

LOCK TABLES `sys_packagesystempriv` WRITE;
/*!40000 ALTER TABLE `sys_packagesystempriv` DISABLE KEYS */;
INSERT INTO `sys_packagesystempriv` VALUES ('201900001',1,1,2,1),('201900001',1,1,3,1),('201900001',1,1,4,1),('201900001',1,1,5,1),('201900001',1,1,6,1),('201900001',1,1,7,1),('201900001',1,1,8,1),('201900001',1,1,9,1),('201900001',1,1,10,1),('201900001',1,1,13,1),('201900001',1,1,14,1),('201900001',1,1,23,1),('201900001',1,1,24,1),('201900001',1,1,25,1),('201900001',1,1,26,0),('201900001',1,1,42,1),('201900001',1,1,43,1),('201900001',1,1,44,1),('201900001',1,1,45,1),('201900001',1,1,46,0),('201900001',1,1,48,1),('201900001',1,1,49,1),('201900001',1,1,50,1),(NULL,1,1,66,1),(NULL,1,1,67,1),(NULL,1,1,68,1),(NULL,1,1,69,1),(NULL,1,1,70,1),(NULL,1,1,71,1),(NULL,1,1,72,1),(NULL,1,1,73,1),(NULL,1,1,74,1),(NULL,1,1,75,1),(NULL,1,1,76,1),(NULL,1,1,89,1),(NULL,1,1,90,1),(NULL,1,1,91,1),(NULL,1,1,92,1),(NULL,1,1,93,1),(NULL,1,1,94,1),(NULL,1,1,97,1),(NULL,1,1,101,1),(NULL,1,1,102,1),(NULL,1,1,103,1),(NULL,1,1,104,1),(NULL,1,1,105,1),(NULL,1,1,106,1),(NULL,1,1,107,1),(NULL,1,1,108,1),(NULL,1,1,109,1),('201900001',1,287,2,1),('201900001',1,287,3,1),('201900001',1,287,4,1),('201900001',1,287,9,1),('201900001',1,287,10,0),('201900001',1,287,13,1),('201900001',1,287,14,1),('201900001',1,287,15,1),('201900001',1,287,20,1),('201900001',1,287,23,1),('201900001',1,287,24,1),('201900001',1,287,25,1),('201900001',1,287,30,1),('201900001',1,1664,23,0),('201900001',1,1665,2,1),('201900001',1,1665,3,1),('201900001',1,1665,4,1),('201900001',1,1665,13,1),('201900001',1,1665,14,1),('201900001',1,1665,15,1),('201900001',1,1665,42,0),('201900001',1,1665,43,0),('201900001',1,1665,44,0),(NULL,1,1665,100,1),('201900001',1,1666,5,1),('201900001',1,1666,6,1),('201900001',1,1666,16,1),('201900001',1,1666,17,1),('201900001',1,1666,18,0),('201900001',1,1666,19,0),('201900001',1,1666,23,1),('201900001',1,1666,24,1),('201900001',1,1666,25,1),('201900001',1,1666,26,1),('201900001',1,1666,27,1),('201900001',1,1666,28,1),('201900001',1,1666,42,1),('201900001',1,1666,43,1),('201900001',1,1666,44,1),('201900001',1,1666,45,1),('201900001',1,1666,46,1),('201900001',1,1666,48,1),('201900001',1,1666,49,1),('201900001',1,1666,50,1),('201900001',1,1666,51,1),('201900001',1,1666,52,1),('201900001',1,1666,53,1),('201900001',1,1666,57,1),('201900001',1,1666,58,1),('201900001',1,1666,61,1),('201900001',1,1666,62,1),('201900001',1,1666,64,1),('201900001',1,1666,65,0),(NULL,1,1666,70,1),(NULL,1,1666,99,1),(NULL,1,1666,101,1),(NULL,1,1666,103,1),(NULL,1,1666,104,1),(NULL,1,1666,105,1),(NULL,1,1666,107,1),(NULL,1,1666,108,1),(NULL,1,1666,109,1),('201900001',1,1667,5,0),('201900001',1,1667,16,0),('201900001',1,1667,26,0),(NULL,1,1667,42,1),(NULL,1,1667,43,1),(NULL,1,1667,44,1),('201900001',1,1667,46,0),('201900001',1,1667,47,0),('201900001',1,1667,57,0),('201900001',1,1667,58,0),(NULL,1,1668,42,1),(NULL,1,1668,43,1),(NULL,1,1668,44,1),('201900001',1,1669,48,1),('201900001',1,1669,53,0),(NULL,1,1669,62,1),(NULL,1,1669,98,0),(NULL,1,1669,103,1),(NULL,1,1669,104,1),(NULL,1,1669,107,1),(NULL,1,1669,108,1),('201900001',1,1670,48,1),('201900001',1,1671,5,1),('201900001',1,1671,16,1),('201900001',1,1671,23,1),('201900001',1,1671,26,1),('201900001',1,1671,27,1),('201900001',1,1671,28,1),('201900001',1,1671,47,1),('201900001',1,1671,48,1),('201900001',1,1671,49,1),('201900001',1,1671,53,1),('201900001',1,1671,54,1),('201900001',1,1671,61,1),('201900001',1,1671,62,1),(NULL,1,1671,103,1),(NULL,1,1671,104,1),(NULL,1,1671,105,1),(NULL,1,1671,107,1),(NULL,1,1671,108,1),(NULL,1,1671,109,1),('201900001',1,1672,5,1),('201900001',1,1672,16,1),('201900001',1,1672,23,0),('201900001',1,1672,26,1),('201900001',1,1672,28,1),('201900001',1,1672,48,1),('201900001',1,1672,49,0),('201900001',1,1672,53,0),('201900001',1,1672,54,1),('201900001',1,1672,55,1),('201900001',1,1672,57,1),('201900001',1,1672,61,0),(NULL,1,1672,62,1),(NULL,1,1672,74,1),(NULL,1,1672,75,1),(NULL,1,1672,103,1),(NULL,1,1672,104,1),(NULL,1,1672,107,1),(NULL,1,1672,108,1),('201900001',1,1673,5,1),('201900001',1,1673,16,1),('201900001',1,1673,26,1),('201900001',1,1673,48,1),('201900001',1,1673,49,0),('201900001',1,1673,53,0),('201900001',1,1673,54,1),('201900001',1,1673,55,1),('201900001',1,1673,57,1),(NULL,1,1673,62,1),(NULL,1,1673,74,1),(NULL,1,1673,75,1),(NULL,1,1673,103,1),(NULL,1,1673,104,1),(NULL,1,1673,107,1),(NULL,1,1673,108,1),(NULL,1,1674,5,1),(NULL,1,1674,16,1),(NULL,1,1674,26,1),('201900001',1,1674,48,1),('201900001',1,1674,53,0),(NULL,1,1674,54,1),(NULL,1,1674,55,1),(NULL,1,1674,57,1),(NULL,1,1674,62,1),(NULL,1,1674,74,1),(NULL,1,1674,75,1),(NULL,1,1674,103,1),(NULL,1,1674,104,1),(NULL,1,1674,107,1),(NULL,1,1674,108,1),('201900001',1,1675,48,1),('201900001',1,1675,53,0),(NULL,1,1675,62,1),(NULL,1,1675,103,1),(NULL,1,1675,104,1),(NULL,1,1675,107,1),(NULL,1,1675,108,1),('201900001',1,1676,48,1),('201900001',1,1676,53,0),(NULL,1,1676,56,1),(NULL,1,1676,62,1),(NULL,1,1676,98,1),(NULL,1,1676,99,1),(NULL,1,1676,103,1),(NULL,1,1676,104,1),(NULL,1,1676,107,1),(NULL,1,1676,108,1),('201900001',1,1677,48,1),('201900001',1,1677,53,0),(NULL,1,1677,62,1),(NULL,1,1677,103,1),(NULL,1,1677,104,1),(NULL,1,1677,107,1),(NULL,1,1677,108,1),('201900001',1,1678,48,1),('201900001',1,1678,53,0),(NULL,1,1678,62,1),(NULL,1,1678,103,1),(NULL,1,1678,104,1),(NULL,1,1678,107,1),(NULL,1,1678,108,1),('201900001',1,1679,48,1),('201900001',1,1679,53,0),(NULL,1,1679,62,1),(NULL,1,1679,103,1),(NULL,1,1679,104,1),(NULL,1,1679,107,1),(NULL,1,1679,108,1),('201900001',1,1680,48,1),('201900001',1,1680,53,0),('201900001',1,1681,48,1),('201900001',1,1681,53,0),(NULL,1,1681,62,1),(NULL,1,1681,103,1),(NULL,1,1681,104,1),(NULL,1,1681,107,1),(NULL,1,1681,108,1),('201900001',1,1683,48,1),('201900001',1,1683,53,0),(NULL,1,1683,62,1),(NULL,1,1683,103,1),(NULL,1,1683,104,1),(NULL,1,1683,107,1),(NULL,1,1683,108,1),('201900001',1,1684,48,1),('201900001',1,1684,53,0),(NULL,1,1684,62,1),(NULL,1,1684,103,1),(NULL,1,1684,104,1),(NULL,1,1684,107,1),(NULL,1,1684,108,1),('201900001',1,1685,48,1),('201900001',1,1685,53,0),(NULL,1,1685,62,1),(NULL,1,1685,103,1),(NULL,1,1685,104,1),('201900001',1,1686,48,1),('201900001',1,1686,53,0),(NULL,1,1686,62,1),(NULL,1,1686,103,1),(NULL,1,1686,104,1),(NULL,1,1686,107,1),(NULL,1,1686,108,1),('201900001',1,1687,48,1),('201900001',1,1687,53,0),(NULL,1,1687,62,1),(NULL,1,1687,103,1),(NULL,1,1687,104,1),(NULL,1,1687,107,1),(NULL,1,1687,108,1),('201900001',1,1688,48,1),('201900001',1,1688,53,0),(NULL,1,1688,62,1),(NULL,1,1688,103,1),(NULL,1,1688,104,1),(NULL,1,1688,107,1),(NULL,1,1688,108,1),('201900001',1,1689,48,1),('201900001',1,1689,53,0),(NULL,1,1689,62,1),(NULL,1,1689,103,1),(NULL,1,1689,104,1),(NULL,1,1689,107,1),(NULL,1,1689,108,1),('201900001',1,1690,48,1),('201900001',1,1690,53,0),(NULL,1,1691,42,1),(NULL,1,1691,43,1),(NULL,1,1691,44,1),('201900001',1,1691,48,0),('201900001',1,1691,53,0),('201900001',1,1692,48,1),('201900001',1,1692,53,0),(NULL,1,1692,62,1),(NULL,1,1692,103,1),(NULL,1,1692,104,1),(NULL,1,1692,107,1),(NULL,1,1692,108,1),('201900001',1,1693,48,1),('201900001',1,1693,53,0),(NULL,1,1693,62,1),(NULL,1,1693,103,1),(NULL,1,1693,104,1),('201900001',1,1694,48,1),('201900001',1,1694,53,0),(NULL,1,1694,62,1),(NULL,1,1694,103,1),(NULL,1,1694,104,1),(NULL,1,1694,107,1),(NULL,1,1694,108,1),('201900001',1,1695,48,1),('201900001',1,1695,53,0),(NULL,1,1695,61,0),(NULL,1,1695,62,1),(NULL,1,1695,103,1),(NULL,1,1695,104,1),(NULL,1,1695,107,1),(NULL,1,1695,108,1),('201900001',1,1696,48,1),('201900001',1,1696,53,0),(NULL,1,1696,62,1),(NULL,1,1696,103,1),(NULL,1,1696,104,1),(NULL,1,1696,107,1),(NULL,1,1696,108,1),('201900001',1,1697,5,0),('201900001',1,1697,16,0),('201900001',1,1697,26,0),('201900001',1,1697,48,1),('201900001',1,1697,53,0),('201900001',1,1697,54,0),('201900001',1,1697,55,0),('201900001',1,1697,57,0),(NULL,1,1697,62,1),(NULL,1,1697,74,0),(NULL,1,1697,75,0),(NULL,1,1697,103,1),(NULL,1,1697,104,1),(NULL,1,1697,107,1),(NULL,1,1697,108,1),('201900001',1,1698,48,1),('201900001',1,1698,53,0),(NULL,1,1698,62,1),(NULL,1,1698,103,1),(NULL,1,1698,104,1),(NULL,1,1698,107,1),(NULL,1,1698,108,1),('201900001',1,1699,48,1),('201900001',1,1699,53,0),(NULL,1,1699,62,1),(NULL,1,1699,103,1),(NULL,1,1699,104,1),(NULL,1,1699,107,1),(NULL,1,1699,108,1),(NULL,1,1700,42,1),(NULL,1,1700,43,1),(NULL,1,1700,44,1),('201900001',1,1700,48,1),('201900001',1,1700,53,0),('201900001',1,1701,48,1),('201900001',1,1701,53,0),(NULL,1,1701,62,1),(NULL,1,1701,103,1),(NULL,1,1701,104,1),(NULL,1,1701,107,1),(NULL,1,1701,108,1),('201900001',1,1702,48,1),('201900001',1,1702,53,0),(NULL,1,1702,62,1),(NULL,1,1702,103,1),(NULL,1,1702,104,1),(NULL,1,1702,107,1),(NULL,1,1702,108,1),('201900001',1,1703,48,1),('201900001',1,1703,53,0),(NULL,1,1703,62,1),(NULL,1,1703,103,1),(NULL,1,1703,104,1),(NULL,1,1703,107,1),(NULL,1,1703,108,1),('201900001',1,1704,48,1),('201900001',1,1704,53,0),(NULL,1,1704,62,1),(NULL,1,1704,103,1),(NULL,1,1704,104,1),(NULL,1,1704,107,1),(NULL,1,1704,108,1),(NULL,1,1707,23,1),(NULL,1,1707,24,1),(NULL,1,1707,25,1),(NULL,1,1707,26,1),(NULL,1,1707,42,1),(NULL,1,1707,43,1),(NULL,1,1707,44,1),(NULL,1,1707,45,1),(NULL,1,1707,46,1),(NULL,1,1707,47,1),(NULL,1,1707,63,1),('201900001',1,1713,5,0),('201900001',1,1713,16,0),('201900001',1,1713,26,0),(NULL,1,1713,42,1),(NULL,1,1713,43,1),(NULL,1,1713,44,1),('201900001',1,1713,47,0),(NULL,1,1715,42,1),(NULL,1,1715,43,1),(NULL,1,1715,44,1),(NULL,1,1716,48,1),(NULL,1,1716,62,1),(NULL,1,1716,103,1),(NULL,1,1716,104,1),(NULL,1,1716,107,1),(NULL,1,1716,108,1),(NULL,1,1717,42,1),(NULL,1,1717,43,1),(NULL,1,1717,44,1),(NULL,1,1718,42,1),(NULL,1,1718,43,1),(NULL,1,1718,44,1),('201900001',1,1720,5,1),('201900001',1,1720,16,1),('201900001',1,1720,26,1),('201900001',1,1720,47,1),(NULL,1,1720,59,0),(NULL,1,1720,100,0),('201900001',1,1722,5,1),('201900001',1,1722,16,1),('201900001',1,1722,26,1),(NULL,1,1722,77,1),(NULL,1,1722,80,1),('201900001',1,1724,5,1),('201900001',1,1724,16,1),('201900001',1,1724,23,0),('201900001',1,1724,26,1),('201900001',1,1724,27,0),('201900001',1,1724,28,0),('201900001',1,1724,29,0),('201900001',1,1724,47,0),(NULL,1,1725,26,1),('201900001',1,1726,26,1),(NULL,1,1729,48,1),(NULL,1,1729,62,1),(NULL,1,1729,103,1),(NULL,1,1729,104,1),(NULL,1,1729,107,1),(NULL,1,1729,108,1),(NULL,1,1730,26,1),(NULL,1,1730,42,1),(NULL,1,1730,43,1),(NULL,1,1730,44,1),(NULL,1,1730,77,1),(NULL,1,1736,23,1),(NULL,1,1736,24,1),(NULL,1,1736,25,1),(NULL,1,1736,26,1),(NULL,1,1736,42,1),(NULL,1,1736,43,1),(NULL,1,1736,44,1),(NULL,1,1736,45,1),(NULL,1,1736,46,1),(NULL,1,1736,47,1),(NULL,1,1736,63,1),(NULL,1,1738,42,1),(NULL,1,1738,43,1),(NULL,1,1738,44,1),(NULL,1,1739,77,1),(NULL,1,1743,42,1),(NULL,1,1743,43,1),(NULL,1,1743,44,1),(NULL,1,1744,42,1),(NULL,1,1744,43,1),(NULL,1,1744,44,1),(NULL,1,1745,48,1),(NULL,1,1745,62,1),(NULL,1,1745,103,1),(NULL,1,1745,104,1),(NULL,1,1745,107,1),(NULL,1,1745,108,1),('201900001',1,1748,5,0),('201900001',1,1748,16,0),('201900001',1,1748,23,0),(NULL,1,1748,25,0),('201900001',1,1748,26,0),(NULL,1,1748,42,1),(NULL,1,1748,43,1),(NULL,1,1748,44,1),('201900001',1,1748,46,0),('201900001',1,1748,47,0),('201900001',1,1748,57,0),('201900001',1,1748,58,0),('201900001',1,1748,63,0),(NULL,1,1748,77,1),(NULL,1,1748,78,0),(NULL,1,1748,79,0),(NULL,1,1748,80,1),('201900001',1,1749,5,1),('201900001',1,1749,16,1),('201900001',1,1749,26,1),('201900001',1,1749,42,1),(NULL,1,1752,66,1),(NULL,1,1752,67,1),(NULL,1,1752,68,1),(NULL,1,1752,76,1),(NULL,1,1752,102,1),(NULL,1,1753,2,0),(NULL,1,1753,13,0),(NULL,1,1753,72,0),(NULL,1,1754,26,1),(NULL,1,1754,46,1),(NULL,1,1754,47,1),(NULL,1,1754,57,1),(NULL,1,1754,60,1),('201900001',1,1763,2,0),('201900001',1,1763,3,0),('201900001',1,1763,4,0),('201900001',1,1763,13,0),('201900001',1,1763,14,0),('201900001',1,1763,15,0),(NULL,1,1772,23,0),(NULL,1,1772,42,1),(NULL,1,1772,43,0),(NULL,1,1772,48,1),(NULL,1,1772,62,1),(NULL,1,1772,101,1),(NULL,1,1774,23,1),(NULL,1,1774,24,1),(NULL,1,1774,25,1),(NULL,1,1774,26,1),(NULL,1,1774,42,1),(NULL,1,1774,43,1),(NULL,1,1774,44,1),(NULL,1,1774,45,1),(NULL,1,1774,46,1),(NULL,1,1774,47,1),(NULL,1,1774,63,1),(NULL,1,1774,70,1),(NULL,1,1775,26,1),(NULL,1,1775,70,0),(NULL,1,1775,72,0),(NULL,1,1775,73,0),(NULL,1,1775,86,0),(NULL,1,1775,87,0),(NULL,1,1775,88,0),('201900001',1,1776,2,0),('201900001',1,1776,5,0),(NULL,1,1776,12,1),(NULL,1,1776,13,0),(NULL,1,1776,14,0),('201900001',1,1776,16,0),(NULL,1,1776,23,1),(NULL,1,1776,24,1),(NULL,1,1776,25,1),('201900001',1,1776,26,1),(NULL,1,1776,42,1),(NULL,1,1776,43,1),(NULL,1,1776,44,1),(NULL,1,1776,45,1),(NULL,1,1776,46,1),('201900001',1,1776,47,1),(NULL,1,1776,63,1),('201900001',1,1777,5,1),('201900001',1,1777,16,1),(NULL,1,1777,23,1),(NULL,1,1777,24,1),(NULL,1,1777,25,1),('201900001',1,1777,26,1),(NULL,1,1777,42,1),(NULL,1,1777,43,1),(NULL,1,1777,44,1),(NULL,1,1777,45,1),(NULL,1,1777,46,1),('201900001',1,1777,47,1),(NULL,1,1777,63,1),('201900001',1,1778,48,1),('201900001',1,1778,53,0),(NULL,1,1778,62,1),(NULL,1,1778,103,1),(NULL,1,1778,104,1),(NULL,1,1778,107,1),(NULL,1,1778,108,1),(NULL,1,1788,42,1),(NULL,1,1788,43,1),(NULL,1,1788,44,1),('201900001',1,1789,5,1),('201900001',1,1789,16,1),('201900001',1,1789,26,1),('201900001',1,1789,47,1),('201900001',1,1789,59,1),('201900001',1,1789,60,1),('201900001',1,1804,2,0),('201900001',1,1804,5,1),('201900001',1,1804,13,0),('201900001',1,1804,16,1),('201900001',1,1804,19,0),('201900001',1,1804,23,0),('201900001',1,1804,26,1),('201900001',1,1804,29,0),('201900001',1,1804,42,0),('201900001',1,1804,43,0),('201900001',1,1804,47,0),('201900001',1,1804,48,0),('201900001',1,1804,49,0),('201900001',1,1804,54,0),(NULL,1,1804,77,1),(NULL,1,1804,80,1),(NULL,1,1804,89,0),(NULL,1,1804,90,0),(NULL,1,1804,91,0),(NULL,1,1804,92,0),(NULL,1,1804,93,0),(NULL,1,1804,94,0),(NULL,1,1804,95,0),(NULL,1,1804,96,0),('201900001',1,1806,42,0),('201900001',1,1806,43,0),('201900001',1,1806,44,0),('201900001',1,1806,45,0),(NULL,1,1806,77,1),(NULL,1,1806,89,1),(NULL,1,1806,90,1),(NULL,1,1806,91,1),(NULL,1,1806,92,1),(NULL,1,1807,70,1),(NULL,1,1807,77,1),(NULL,1,1807,78,1),(NULL,1,1807,79,1),(NULL,1,1807,89,1),(NULL,1,1807,90,1),(NULL,1,1807,91,1),(NULL,1,1807,92,1),(NULL,1,1807,93,1),(NULL,1,1807,94,1),(NULL,1,1807,95,1),(NULL,1,1807,96,1),(NULL,1,1808,26,1),(NULL,1,1808,42,0),(NULL,1,1808,43,0),(NULL,1,1808,44,0),(NULL,1,1808,45,0),(NULL,1,1808,47,1),(NULL,1,1808,77,1),(NULL,1,1808,89,1),(NULL,1,1808,90,1),(NULL,1,1808,91,1),(NULL,1,1808,92,1),(NULL,1,1809,2,1),(NULL,1,1809,5,1),(NULL,1,1809,13,1),(NULL,1,1809,16,1),(NULL,1,1809,23,1),(NULL,1,1809,26,1),(NULL,1,1809,42,1),(NULL,1,1809,43,1),(NULL,1,1809,47,1),(NULL,1,1809,48,1),(NULL,1,1809,49,1),(NULL,1,1809,54,1),(NULL,1,1809,60,1),(NULL,1,1809,77,1),(NULL,1,1809,80,1),(NULL,1,1809,83,1),(NULL,1,1809,89,1),(NULL,1,1809,90,1),(NULL,1,1809,91,1),(NULL,1,1809,92,1),(NULL,1,1809,93,1),(NULL,1,1809,94,1),(NULL,1,1809,95,1),(NULL,1,1809,96,1),(NULL,1,1810,77,1),(NULL,1,1810,89,1),(NULL,1,1810,90,1),(NULL,1,1810,91,1),(NULL,1,1810,92,1),('201900001',1,1812,5,1),('201900001',1,1812,16,1),('201900001',1,1812,26,0),('201900001',1,1812,42,1),('201900001',1,1812,43,1),('201900001',1,1812,44,1),('201900001',1,1812,45,0),('201900001',1,1812,47,0),(NULL,1,1812,77,1),(NULL,1,1812,79,1),(NULL,1,1812,80,1),(NULL,1,1812,83,1),(NULL,1,1812,85,1),(NULL,1,1812,89,1),(NULL,1,1812,90,1),(NULL,1,1812,91,1),(NULL,1,1812,92,1),(NULL,1,1812,93,1),(NULL,1,1812,94,1),(NULL,1,1812,95,1),('201900001',1,1814,42,1),('201900001',1,1814,43,1),('201900001',1,1814,44,1),('201900001',1,1814,45,1),('201900001',1,1817,48,1),('201900001',1,1817,53,0),(NULL,1,1817,62,1),(NULL,1,1817,103,1),(NULL,1,1817,104,1),(NULL,1,1817,107,1),(NULL,1,1817,108,1),('201900001',1,1818,48,1),('201900001',1,1818,53,0),(NULL,1,1818,62,1),(NULL,1,1818,103,1),(NULL,1,1818,104,1),(NULL,1,1818,107,1),(NULL,1,1818,108,1),('201900001',1,1819,48,1),('201900001',1,1819,53,0),('201900001',1,1820,48,0),('201900001',1,1821,48,0),('201900001',1,1821,53,0),('201900001',1,1822,48,1),('201900001',1,1822,53,0),('201900001',1,1823,48,1),('201900001',1,1823,53,0),(NULL,1,1823,62,1),(NULL,1,1823,103,1),(NULL,1,1823,104,1),('201900001',1,1824,48,1),('201900001',1,1824,53,0),(NULL,1,1824,62,1),(NULL,1,1824,103,1),(NULL,1,1824,104,1),(NULL,1,1824,107,1),(NULL,1,1824,108,1),('201900001',1,1825,48,1),('201900001',1,1825,53,0),(NULL,1,1825,62,1),(NULL,1,1825,103,1),(NULL,1,1825,104,1),(NULL,1,1825,107,1),(NULL,1,1825,108,1),('201900001',1,1826,48,1),('201900001',1,1826,53,0),(NULL,1,1826,62,1),(NULL,1,1826,103,1),(NULL,1,1826,104,1),(NULL,1,1826,107,1),(NULL,1,1826,108,1),('201900001',1,1827,48,1),('201900001',1,1827,53,0),(NULL,1,1827,62,1),(NULL,1,1827,103,1),(NULL,1,1827,104,1),(NULL,1,1827,107,1),(NULL,1,1827,108,1),('201900001',1,1828,48,1),('201900001',1,1828,53,0),(NULL,1,1828,62,1),(NULL,1,1828,103,1),(NULL,1,1828,104,1),(NULL,1,1828,107,1),(NULL,1,1828,108,1),('201900001',1,1829,8,1),('201900001',1,1829,19,1),('201900001',1,1829,23,1),('201900001',1,1829,24,1),('201900001',1,1829,29,1),('201900001',1,1829,42,1),('201900001',1,1829,43,1),('201900001',1,1829,48,1),('201900001',1,1829,49,1),('201900001',1,1829,50,1),('201900001',1,1829,53,0),('201900001',1,1829,56,1),('201900001',1,1829,61,1),('201900001',1,1829,62,1),('201900001',1,1830,48,1),(NULL,1,1830,62,1),(NULL,1,1830,103,1),(NULL,1,1830,104,1),(NULL,1,1830,107,1),(NULL,1,1830,108,1),('201900001',1,1831,48,1),(NULL,1,1831,62,1),(NULL,1,1831,103,1),(NULL,1,1831,104,1),(NULL,1,1831,107,1),(NULL,1,1831,108,1),(NULL,1,1833,77,1),(NULL,1,1833,89,1),(NULL,1,1833,92,1),('201900001',1,1835,5,1),('201900001',1,1835,16,1),('201900001',1,1835,26,1),(NULL,1,1835,57,1),(NULL,1,1835,100,1),('201900001',1,1836,48,1),(NULL,1,1836,62,1),(NULL,1,1836,103,1),(NULL,1,1836,104,1),(NULL,1,1836,107,1),(NULL,1,1836,108,1),('201900001',1,1837,48,1),(NULL,1,1837,62,1),(NULL,1,1837,103,1),(NULL,1,1837,104,1),(NULL,1,1837,107,1),(NULL,1,1837,108,1),(NULL,1,1840,5,1),(NULL,1,1840,16,1),(NULL,1,1840,23,1),(NULL,1,1840,24,1),(NULL,1,1840,25,1),(NULL,1,1840,26,1),(NULL,1,1840,42,1),(NULL,1,1840,43,1),(NULL,1,1840,44,1),(NULL,1,1840,45,1),(NULL,1,1840,46,1),(NULL,1,1840,47,1),(NULL,1,1840,48,1),(NULL,1,1840,62,1),(NULL,1,1840,63,1),(NULL,1,1840,70,1),(NULL,1,1840,72,1),(NULL,1,1840,73,1),(NULL,1,1840,86,1),(NULL,1,1840,87,1),(NULL,1,1840,88,1),(NULL,1,1840,101,1),('201900001',1,1841,23,1),('201900001',1,1841,24,1),('201900001',1,1841,25,1),('201900001',1,1841,26,1),('201900001',1,1841,27,0),('201900001',1,1841,28,0),('201900001',1,1841,29,0),('201900001',1,1841,30,0),('201900001',1,1841,42,1),('201900001',1,1841,43,1),('201900001',1,1841,44,1),('201900001',1,1841,45,1),('201900001',1,1841,46,1),('201900001',1,1841,47,1),('201900001',1,1841,58,0),('201900001',1,1841,63,1),(NULL,1,1843,42,1),(NULL,1,1843,43,1),(NULL,1,1843,44,1),(NULL,1,1844,23,1),(NULL,1,1844,24,1),(NULL,1,1844,25,1),(NULL,1,1844,26,1),(NULL,1,1844,42,1),(NULL,1,1844,43,1),(NULL,1,1844,44,1),(NULL,1,1844,45,1),(NULL,1,1844,46,1),(NULL,1,1844,47,1),(NULL,1,1844,63,1),(NULL,1,1845,48,1),(NULL,1,1845,62,1),(NULL,1,1845,103,1),(NULL,1,1845,104,1),(NULL,1,1845,107,1),(NULL,1,1845,108,1),(NULL,1,1846,48,1),(NULL,1,1846,62,1),(NULL,1,1846,103,1),(NULL,1,1846,104,1),(NULL,1,1846,107,1),(NULL,1,1846,108,1),(NULL,1,1848,42,1),(NULL,1,1848,43,1),(NULL,1,1848,44,1),(NULL,1,1849,48,1),(NULL,1,1849,62,1),(NULL,1,1849,103,1),(NULL,1,1849,104,1),(NULL,1,1849,107,1),(NULL,1,1849,108,1),(NULL,1,1850,48,1),(NULL,1,1850,62,1),(NULL,1,1850,103,1),(NULL,1,1850,104,1),(NULL,1,1850,107,1),(NULL,1,1850,108,1),(NULL,1,1851,48,1),(NULL,1,1851,62,1),(NULL,1,1851,103,1),(NULL,1,1851,104,1),(NULL,1,1851,107,1),(NULL,1,1851,108,1),(NULL,1,1852,48,1),(NULL,1,1852,62,1),(NULL,1,1852,103,1),(NULL,1,1852,104,1),(NULL,1,1852,107,1),(NULL,1,1852,108,1),(NULL,1,1853,48,1),(NULL,1,1853,62,1),(NULL,1,1853,103,1),(NULL,1,1853,104,1),(NULL,1,1853,107,1),(NULL,1,1853,108,1),(NULL,1,1855,5,1),(NULL,1,1855,16,1),(NULL,1,1855,25,1),(NULL,1,1855,26,1),(NULL,1,1855,46,1),(NULL,1,1855,47,1),(NULL,1,1855,57,1),(NULL,1,1855,58,1),(NULL,1,1855,60,0),(NULL,1,1855,63,1),(NULL,1,1855,77,1),(NULL,1,1855,80,1),(NULL,1,1855,100,1),(NULL,1,1856,42,1),(NULL,1,1856,43,1),(NULL,1,1856,44,1),(NULL,1,1857,5,0),(NULL,1,1857,16,0),(NULL,1,1857,25,0),(NULL,1,1857,26,0),(NULL,1,1857,42,1),(NULL,1,1857,43,1),(NULL,1,1857,44,1),(NULL,1,1857,46,0),(NULL,1,1857,47,0),(NULL,1,1857,57,0),(NULL,1,1857,58,0),(NULL,1,1857,63,0),(NULL,1,1857,100,0),(NULL,1,1892,23,0),(NULL,1,1892,24,0),(NULL,1,1892,25,0),(NULL,1,1892,26,0),(NULL,1,1892,42,0),(NULL,1,1892,43,0),(NULL,1,1892,44,0),(NULL,1,1892,45,0),(NULL,1,1892,46,0),(NULL,1,1892,47,0),(NULL,1,1892,63,0),(NULL,1,1896,77,1),(NULL,1,1896,89,1),(NULL,1,1896,92,1),(NULL,1,1901,48,1),(NULL,1,1901,62,1),(NULL,1,1901,103,1),(NULL,1,1901,104,1),(NULL,1,1901,107,1),(NULL,1,1901,108,1),(NULL,1,1903,48,0),(NULL,1,1903,62,0),(NULL,1,1903,77,1),(NULL,1,1903,89,1),(NULL,1,1903,90,1),(NULL,1,1903,91,1),(NULL,1,1903,92,1),(NULL,1,1903,103,0),(NULL,1,1903,104,0),(NULL,1,1903,107,0),(NULL,1,1903,108,0),(NULL,1,1910,42,1),(NULL,1,1910,43,1),(NULL,1,1910,44,1),(NULL,1,1911,42,1),(NULL,1,1911,43,1),(NULL,1,1911,44,1),(NULL,1,1912,23,1),(NULL,1,1912,24,1),(NULL,1,1912,25,1),(NULL,1,1912,26,1),(NULL,1,1912,42,1),(NULL,1,1912,43,1),(NULL,1,1912,44,1),(NULL,1,1912,45,1),(NULL,1,1912,46,1),(NULL,1,1912,47,1),(NULL,1,1912,63,1),(NULL,1,1913,42,1),(NULL,1,1913,43,1),(NULL,1,1913,44,1),(NULL,1,1914,48,1),(NULL,1,1914,62,1),(NULL,1,1914,103,1),(NULL,1,1914,104,1),(NULL,1,1914,107,1),(NULL,1,1914,108,1),(NULL,1,1916,1,0),(NULL,1,1916,12,0),(NULL,1,1916,22,0),(NULL,1,1916,48,1),(NULL,1,1916,62,1);
/*!40000 ALTER TABLE `sys_packagesystempriv` ENABLE KEYS */;
UNLOCK TABLES;
/*!40103 SET TIME_ZONE=@OLD_TIME_ZONE */;

/*!40101 SET SQL_MODE=@OLD_SQL_MODE */;
/*!40014 SET FOREIGN_KEY_CHECKS=@OLD_FOREIGN_KEY_CHECKS */;
/*!40014 SET UNIQUE_CHECKS=@OLD_UNIQUE_CHECKS */;
/*!40101 SET CHARACTER_SET_CLIENT=@OLD_CHARACTER_SET_CLIENT */;
/*!40101 SET CHARACTER_SET_RESULTS=@OLD_CHARACTER_SET_RESULTS */;
/*!40101 SET COLLATION_CONNECTION=@OLD_COLLATION_CONNECTION */;
/*!40111 SET SQL_NOTES=@OLD_SQL_NOTES */;

-- Dump completed on 2022-04-23 18:26:40
