/*
SQLyog Ultimate v12.09 (64 bit)
MySQL - 8.0.17 : Database - party_office
*********************************************************************
*/

/*!40101 SET NAMES utf8 */;

/*!40101 SET SQL_MODE=''*/;

/*!40014 SET @OLD_UNIQUE_CHECKS=@@UNIQUE_CHECKS, UNIQUE_CHECKS=0 */;
/*!40014 SET @OLD_FOREIGN_KEY_CHECKS=@@FOREIGN_KEY_CHECKS, FOREIGN_KEY_CHECKS=0 */;
/*!40101 SET @OLD_SQL_MODE=@@SQL_MODE, SQL_MODE='NO_AUTO_VALUE_ON_ZERO' */;
/*!40111 SET @OLD_SQL_NOTES=@@SQL_NOTES, SQL_NOTES=0 */;
CREATE DATABASE /*!32312 IF NOT EXISTS*/`party_office` /*!40100 DEFAULT CHARACTER SET utf8 */ /*!80016 DEFAULT ENCRYPTION='N' */;

USE `party_office`;

/*Table structure for table `office` */

DROP TABLE IF EXISTS `office`;

CREATE TABLE `office` (
  `OfficeID` int(11) unsigned NOT NULL AUTO_INCREMENT,
  `OfficeTitle` varchar(200) DEFAULT NULL,
  PRIMARY KEY (`OfficeID`)
) ENGINE=InnoDB AUTO_INCREMENT=2 DEFAULT CHARSET=utf8;

/*Data for the table `office` */

insert  into `office`(`OfficeID`,`OfficeTitle`) values (1,'НАМЫН ХҮНИЙ НӨӨЦ');

/*Table structure for table `office_config` */

DROP TABLE IF EXISTS `office_config`;

CREATE TABLE `office_config` (
  `ConfigID` int(11) unsigned NOT NULL AUTO_INCREMENT,
  `ConfigOfficeID` int(11) unsigned DEFAULT NULL,
  `ConfigName` varchar(100) DEFAULT NULL,
  `ConfigValue` varchar(100) DEFAULT NULL,
  `ConfigDescr` varchar(200) DEFAULT NULL,
  `ConfigOrder` smallint(6) DEFAULT '0',
  PRIMARY KEY (`ConfigID`),
  KEY `ConfigOfficeID` (`ConfigOfficeID`),
  CONSTRAINT `office_config_ibfk_1` FOREIGN KEY (`ConfigOfficeID`) REFERENCES `office` (`OfficeID`) ON DELETE CASCADE ON UPDATE CASCADE
) ENGINE=InnoDB AUTO_INCREMENT=11 DEFAULT CHARSET=utf8;

/*Data for the table `office_config` */

insert  into `office_config`(`ConfigID`,`ConfigOfficeID`,`ConfigName`,`ConfigValue`,`ConfigDescr`,`ConfigOrder`) values (1,1,'LETTER_SEP','/','Бичгийн дугаарын тусгаарлагч (Жишээ нь: 14/00001)',1),(2,1,'LETTER_DECIDEDAY','9',NULL,2),(3,1,'PETITION_SEP','/',NULL,5),(4,1,'PETITION_DECIDEDAY','14',NULL,6),(5,1,'LETTER_SELFSHIFT','1','Бичиг ажилтан өөрөө шилжүүлэх',3),(6,1,'LETTER_SELFDECIDE','1','Бичиг ажилтан өөрөө хаах',4),(7,1,'PETITION_SELFSHIFT','1',NULL,7),(8,1,'PETITION_SELFDECIDE','1',NULL,8),(9,1,'LETTER_DECIDE','0','Бичиг хэргийн ажилтан шийдвэрлэдэггүй байх',9),(10,1,'PETITION_DECIDE','1','Өргөдөл, гомдлын ажилтан шийдвэрлэдэггүй байх',10);

/*Table structure for table `office_organ` */

DROP TABLE IF EXISTS `office_organ`;

CREATE TABLE `office_organ` (
  `RowID` int(11) unsigned NOT NULL AUTO_INCREMENT,
  `RowOfficeID` int(11) unsigned DEFAULT NULL,
  `RowOrganGeneralID` int(11) unsigned DEFAULT NULL,
  `RowOrganID` int(11) unsigned DEFAULT NULL,
  `RowOrder` smallint(6) DEFAULT '0',
  PRIMARY KEY (`RowID`),
  KEY `RowOfficeID` (`RowOfficeID`),
  CONSTRAINT `office_organ_ibfk_1` FOREIGN KEY (`RowOfficeID`) REFERENCES `office` (`OfficeID`) ON DELETE CASCADE ON UPDATE CASCADE
) ENGINE=InnoDB AUTO_INCREMENT=3 DEFAULT CHARSET=utf8;

/*Data for the table `office_organ` */

insert  into `office_organ`(`RowID`,`RowOfficeID`,`RowOrganGeneralID`,`RowOrganID`,`RowOrder`) values (1,1,1460,1460,1),(2,1,209,209,2);

/*Table structure for table `sys_package` */

DROP TABLE IF EXISTS `sys_package`;

CREATE TABLE `sys_package` (
  `PackageID` int(11) unsigned NOT NULL AUTO_INCREMENT,
  `PackageName` varchar(200) DEFAULT NULL,
  `PackageOrder` smallint(6) DEFAULT NULL,
  PRIMARY KEY (`PackageID`)
) ENGINE=InnoDB AUTO_INCREMENT=8 DEFAULT CHARSET=utf8;

/*Data for the table `sys_package` */

insert  into `sys_package`(`PackageID`,`PackageName`,`PackageOrder`) values (1,'-',1),(2,'Албан хэрэг хөтлөлт',2),(3,'Гэмт хэргийн бүртгэл',3),(4,'Хүний нөөц',4),(5,'Администратор',5),(6,'Зөрчлийн хэргийн бүртгэл',6),(7,'Аюулгүй байдал, хяналт шалгалт, нууцын алба',7);

/*Table structure for table `sys_packagesystem` */

DROP TABLE IF EXISTS `sys_packagesystem`;

CREATE TABLE `sys_packagesystem` (
  `SystemID` int(11) unsigned NOT NULL AUTO_INCREMENT,
  `SystemParentID` int(11) unsigned DEFAULT '0',
  `SystemPackageID` int(11) unsigned DEFAULT NULL,
  `SystemName` varchar(200) DEFAULT NULL,
  `SystemModule` varchar(200) DEFAULT NULL,
  `SystemPrivID` int(11) unsigned DEFAULT '0',
  `SystemOrder` smallint(6) DEFAULT NULL,
  `SystemIcon` varchar(100) DEFAULT NULL,
  `SystemCountChild` smallint(6) DEFAULT '0',
  PRIMARY KEY (`SystemID`),
  KEY `SystemModule` (`SystemModule`)
) ENGINE=InnoDB AUTO_INCREMENT=85 DEFAULT CHARSET=utf8;

/*Data for the table `sys_packagesystem` */

insert  into `sys_packagesystem`(`SystemID`,`SystemParentID`,`SystemPackageID`,`SystemName`,`SystemModule`,`SystemPrivID`,`SystemOrder`,`SystemIcon`,`SystemCountChild`) values (1,0,1,'НҮҮР','home',0,1,'flaticon2-architecture-and-city',0),(2,0,2,'Ирсэн бичиг','letter',1,1,'flaticon2-crisp-icons',4),(3,0,2,'Явуулсан бичиг','sentletter',12,2,'flaticon2-send-1',3),(4,0,2,'Өргөдөл, гомдол','petition',22,3,'flaticon2-document',4),(5,2,2,'Статистик &amp; тайлан','statistic',0,3,NULL,0),(6,2,2,'Ирсэн бичгийн жагсаалт','main',2,1,NULL,0),(7,2,2,'Миний бичиг','my',0,2,NULL,0),(9,3,2,'Статистик &amp; тайлан','statistic',0,3,NULL,0),(10,3,2,'Явуулсан бичгийн жагсаалт','main',13,1,NULL,0),(11,3,2,'Миний явуулсан бичиг','my',0,2,NULL,0),(12,4,2,'Статистик &amp; тайлан','statistic',0,3,NULL,0),(13,4,2,'Өргөдөл, гомдлын жагсаалт','main',23,1,NULL,0),(14,4,2,'Надад ирсэн өргөдөл, гомдол','my',0,2,NULL,0),(15,4,2,'Тохиргоо','settings',32,4,NULL,0),(16,0,2,'110 өргөдөл, гомдол','petonline',42,4,'flaticon2-document',1),(17,16,2,'110 өргөдөл, гомдлын жагсаалт','main',43,4,'la la-copy',0),(18,0,3,'Гэмт хэргийн бүртгэл','felony',48,5,'flaticon2-files-and-folders',3),(19,18,3,'Бүртгэл &amp; жагсаалт','main',49,1,NULL,0),(20,18,3,'Миний жагсаалт','my',0,2,NULL,0),(21,18,3,'Тайлан','report',61,3,NULL,0),(22,0,3,'Гэмт хэргийн дэлгэрэнгүй жагсаалт','felonylist',62,6,'flaticon2-files-and-folders',19),(23,22,3,'Гэмт хэргийн жагсаалт','list1',0,NULL,NULL,0),(24,22,3,'Хохирогчийн жагсаалт','list2',0,NULL,NULL,0),(25,22,3,'Яллагдагчийн жагсаалт\r\n','list3',0,NULL,NULL,0),(26,22,3,'Хохиролын бүртгэлийн жагсаалт\r\n','list4',0,NULL,NULL,0),(27,22,3,'Нөхөн төлүүлэлтийн жагсаалт\r\n','list5',0,NULL,NULL,0),(28,22,3,'Битүүмжилсэн хөрөнгөний жагсаалт\r\n','list6',0,NULL,NULL,0),(29,22,3,'Нэмэлт ажиллагаанд буцаасан хэргийн жагсаалт\r\n','list7',0,NULL,NULL,0),(30,22,3,'Шүүхэд шилжүүлэх саналтай прокурорт хүргүүлсэн хэргийн жагсаалт\r\n','list8',0,NULL,NULL,0),(31,22,3,'Хэрэгсэхгүй болгосон хэргийн жагсаалт\r\n','list9',0,NULL,NULL,0),(32,22,3,'Түдгэлзүүлсэн хэргийн жагсаалт\r\n','list10',0,NULL,NULL,0),(33,22,3,'Нэгтгэсэн хэргийн жагсаалт\r\n','list11',0,NULL,NULL,0),(34,22,3,'ТСАХ авсан бүртгэлийн жагсаалт\r\n','list12',0,NULL,NULL,0),(35,22,3,'Хэрэг бүртгэлтийн хэрэг хаасан хэргийн жагсаалт\r\n','list13',0,NULL,NULL,0),(36,22,3,'Сэргээсэн хэргийн жагсаалт\r\n','list14',0,NULL,NULL,0),(37,22,3,'Харьяаллын дагуу шилжүүлсэн хэргийн жагсаалт\r\n','list15',0,NULL,NULL,0),(38,22,3,'Сэжигтнийг баривчилсан жагсаалт\r\n','list16',0,NULL,NULL,0),(39,22,3,'Хэрэг бүртгэлт, мөрдөн байцаалтын хэргийн хугацаа сунгасан жагсаалт\r\n','list17',0,NULL,NULL,0),(40,22,3,'Өргөдөл гомдлын жагсаалт\r\n','list18',0,NULL,NULL,0),(41,22,3,'Өргөдөл гомдлын шийдвэрлэлтийн жагсаалт\r\n','list19',0,NULL,NULL,0),(42,0,4,'Хүний нөөц','humanres',66,1,'flaticon2-group',3),(43,42,4,'Зохион байгуулалтын нэгж','department',67,1,NULL,0),(44,42,4,'Албан тушаал','position',67,2,NULL,0),(45,42,4,'Албан хаагч','employee',67,3,NULL,0),(46,0,5,'Администратор','admin',69,1,'flaticon2-group',1),(47,46,5,'Хэрэглэгчийн эрх','user',71,1,NULL,0),(48,4,2,'Судалгаа, шинжилгээ','research',70,5,NULL,0),(49,0,5,'Лавлагаа','reference',72,2,'fa fa-cogs',1),(50,49,5,'Төрийн байгууллага','list_organ',73,NULL,NULL,0),(51,0,4,'Хүний нөөцийн дэлгэрэнгүй жагсаалт','humanres_list',76,2,'flaticon2-group',12),(52,51,4,'Үндсэн жагсаалт','list1',0,NULL,NULL,0),(53,51,4,'Боловсролын байдал','list2',0,NULL,NULL,0),(54,51,4,'Сургалтад хамрагдсан байдал','list3',0,NULL,NULL,0),(55,51,4,'Гадаад хэлний мэдлэг','list4',0,NULL,NULL,0),(56,51,4,'Эрдмийн зэрэг, цол','list5',0,NULL,NULL,0),(57,51,4,'Шагналын байдал','list6',0,NULL,NULL,0),(58,51,4,'Хөдөлмөр эрхлэлт','list7',0,NULL,NULL,0),(59,51,4,'Сахилгын шийтгэл','list8',0,NULL,NULL,0),(60,51,4,'Томилолт','list9',0,NULL,NULL,0),(61,51,4,'Гэр бүлийн байдал','list10',0,NULL,NULL,0),(62,51,4,'Төрөл садангийн байдал','list11',0,NULL,NULL,0),(63,51,4,'Цалин хөлсний бүрэлдэхүүн','list12',0,NULL,NULL,0),(64,0,6,'Зөрчлийн хэргийн бүртгэл','violation',77,1,'flaticon2-files-and-folders',3),(65,64,6,'Бүртгэл &amp; жагсаалт','main',78,1,NULL,0),(66,64,6,'Миний жагсаалт','my',0,2,NULL,0),(67,64,6,'Тайлан','report',83,3,NULL,0),(68,49,5,'Төрийн албаны ангилал','list_petorgclass',86,NULL,NULL,2),(69,49,5,'Үйл ажиллагааны чиглэл','list_petdirection',87,NULL,NULL,3),(70,49,5,'Үйл ажиллагааны салбар','list_petsector',88,NULL,NULL,4),(71,0,7,'Сахилгын мэдээ','discipline',89,1,'flaticon2-files-and-folders',1),(72,71,7,'Бүртгэл &amp; жагсаалт','main',90,1,NULL,0),(73,0,7,'Албаны шалгалт явуулсан мэдээ','investigation',92,2,'flaticon2-files-and-folders',2),(74,73,7,'Бүртгэл &amp; жагсаалт','main',93,1,NULL,0),(75,73,7,'Миний жагсаалт','my',0,2,NULL,0),(76,49,5,'Нутаг дэвсгэр','list_area',97,5,NULL,0),(77,22,3,'Мөрдөгчийн мэдэгдэл','list20',0,NULL,NULL,0),(78,22,3,'Шүүхээр шийдвэрлэгдсэн байдал','list21',0,NULL,NULL,0),(79,22,3,'Прокуророос шийдвэрлэсэн жагсаалт','list22',0,22,NULL,0),(80,42,4,'Тайлан','report',102,4,NULL,0),(81,18,3,'Банкны дугаар олголт','bank',103,2,NULL,0),(82,42,4,'Амралтын өдрүүд','holiday',106,5,NULL,0),(83,51,4,'Ээлжийн амралт','list13',0,NULL,NULL,0),(84,18,3,'Хариу мэдэгдэх хуудас','ticket',107,4,NULL,0);

/*Table structure for table `sys_packagesystemlist` */

DROP TABLE IF EXISTS `sys_packagesystemlist`;

CREATE TABLE `sys_packagesystemlist` (
  `SystemID` int(11) unsigned NOT NULL AUTO_INCREMENT,
  `SystemPackageID` int(11) unsigned DEFAULT NULL,
  `SystemName` varchar(200) DEFAULT NULL,
  `SystemNameLong` varchar(200) DEFAULT NULL,
  `SystemOrder` smallint(6) DEFAULT NULL,
  PRIMARY KEY (`SystemID`),
  KEY `FK_sys_packagesystem` (`SystemPackageID`),
  CONSTRAINT `FK_sys_packagesystem` FOREIGN KEY (`SystemPackageID`) REFERENCES `sys_package` (`PackageID`) ON DELETE CASCADE ON UPDATE CASCADE
) ENGINE=InnoDB AUTO_INCREMENT=13 DEFAULT CHARSET=utf8;

/*Data for the table `sys_packagesystemlist` */

insert  into `sys_packagesystemlist`(`SystemID`,`SystemPackageID`,`SystemName`,`SystemNameLong`,`SystemOrder`) values (1,2,'Систем №1. Ирсэн бичиг','Систем №1. Ирсэн бичиг',1),(2,2,'Систем №2. Явуулсан бичиг','Явуулсан бичиг',2),(3,2,'Систем №3. Өргөдөл, гомдол','Өргөдөл, гомдол',3),(4,2,'Систем №4. 110 өргөдөл, гомдол','110 өргөдөл, гомдол',4),(5,3,'Систем №5. Гэмт хэргийн бүртгэл','Гэмт хэргийн бүртгэл',5),(6,4,'Систем №6. Хүний нөөц','Хүний нөөц',6),(7,5,'Систем №7. Админ','Админ',7),(8,5,'Систем №8. Лавлагаа','Лавлагаа',8),(10,6,'Систем №9. Зөрчлийн хэргийн бүртгэл','Зөрчлийн хэргийн бүртгэл',9),(11,7,'Систем №10. Сахилгын мэдээ','Сахилгын мэдээ',10),(12,7,'Систем №11. Албаны шалгалт явуулсан мэдээ','Албаны шалгалт явуулсан мэдээ',11);

/*Table structure for table `sys_packagesystemmodule` */

DROP TABLE IF EXISTS `sys_packagesystemmodule`;

CREATE TABLE `sys_packagesystemmodule` (
  `ModuleID` int(11) unsigned NOT NULL AUTO_INCREMENT,
  `ModuleSystemID` int(11) unsigned DEFAULT NULL,
  `ModuleSystemLocalID` int(11) unsigned DEFAULT NULL,
  `ModuleClassName` varchar(200) DEFAULT NULL,
  `ModuleName` varchar(200) DEFAULT NULL,
  `ModulePrivDefault` smallint(6) DEFAULT '0',
  `ModuleOrder` smallint(6) DEFAULT '0',
  `ModulePrivLocal` smallint(6) DEFAULT '0',
  PRIMARY KEY (`ModuleID`),
  KEY `ModuleSystemID` (`ModuleSystemID`)
) ENGINE=InnoDB AUTO_INCREMENT=110 DEFAULT CHARSET=utf8;

/*Data for the table `sys_packagesystemmodule` */

insert  into `sys_packagesystemmodule`(`ModuleID`,`ModuleSystemID`,`ModuleSystemLocalID`,`ModuleClassName`,`ModuleName`,`ModulePrivDefault`,`ModuleOrder`,`ModulePrivLocal`) values (1,31,1,'Ерөнхий','Ирсэн бичиг системд хандах',1,1,0),(2,31,1,'Бүртгэл','Ирсэн бичгийн бүртгэлд хандах / Унших /',0,2,0),(3,31,1,'Бүртгэл','Ирсэн бичгийг бүртгэх',0,3,0),(4,31,1,'Бүртгэл','Ирсэн бичгийг бүртгэх давуу эрх /бүх бичгийг засах, устгах/',0,4,0),(5,31,1,'Миний бичиг','Миний бичиг /Хамрах хүрээ : Зохион байгуулалтын нэгж/',0,13,0),(6,31,1,'Миний бичиг','Миний бичиг /Хамрах хүрээ : Зохион байгуулалтын нэгж, харьяа нэгж/',0,14,0),(7,31,1,'Миний бичиг','Миний бичиг /Хамрах хүрээ : Зохион байгуулалтын нэгж, харьяа болон харьяалагдах нэгж/',0,15,0),(8,31,1,'Миний бичиг','Миний бичиг /Хамрах хүрээ : Байгууллагын хэмжээнд/',0,16,0),(9,31,1,'Тайлан','Статистик дэлгэрэнгүй үзэх',0,17,0),(10,31,1,'Тайлан','Тайлан үзэх',0,18,0),(11,31,1,'Тохиргоо','Тохиргоонд хандах',0,19,0),(12,32,2,'Ерөнхий','Явуулсан бичиг системд хандах',1,20,0),(13,32,2,'Бүртгэл','Явуулсан бичгийн бүртгэлд хандах',0,21,0),(14,32,2,'Бүртгэл','Явуулсан бичгийг бүртгэх',0,22,0),(15,32,2,'Бүртгэл','Явуулсан бичгийг бүртгэх давуу эрх /бүх бичгийг засах, устгах/',0,23,0),(16,32,2,'Миний бичиг','Миний бичиг /Хамрах хүрээ : Зохион байгуулалтын нэгж/',0,24,0),(17,32,2,'Миний бичиг','Миний бичиг /Хамрах хүрээ : Зохион байгуулалтын нэгж, харьяа нэгж/',0,25,0),(18,32,2,'Миний бичиг','Миний бичиг /Хамрах хүрээ : Зохион байгуулалтын нэгж, харьяа болон харьяалагдах нэгж/',0,26,0),(19,32,2,'Миний бичиг','Миний бичиг /Хамрах хүрээ : Байгууллагын хэмжээнд/',0,27,0),(20,32,2,'Тайлан','Статистик дэлгэрэнгүй үзэх',0,28,0),(21,32,2,'Тайлан','Тайлан үзэх',0,29,0),(22,33,3,'Ерөнхий','Өргөдөл, гомдол системд хандах',1,1,0),(23,33,3,'Бүртгэл','Өргөдөл, гомдлын бүртгэлд хандах / Унших /',0,2,0),(24,33,3,'Бүртгэл','Өргөдөл, гомдол бүртгэх',0,3,0),(25,33,3,'Бүртгэл','Өргөдөл, гомдол бүртгэх давуу эрх /бүх бичгийг засах, устгах/',0,4,0),(26,33,3,'Миний шийдвэрлэх өргөдөл, гомдол','Шийдвэрлэх өргөдөл, гомдол /Хамрах хүрээ : Зохион байгуулалтын нэгж/',0,5,0),(27,33,3,'Миний шийдвэрлэх өргөдөл, гомдол','Шийдвэрлэх өргөдөл, гомдол /Хамрах хүрээ : Зохион байгуулалтын нэгж, харьяа нэгж/',0,6,0),(28,33,3,'Миний шийдвэрлэх өргөдөл, гомдол','Шийдвэрлэх өргөдөл, гомдол /Хамрах хүрээ : Зохион байгуулалтын нэгж, харьяа болон харьяалагдах нэгж/',0,7,0),(29,33,3,'Миний шийдвэрлэх өргөдөл, гомдол','Шийдвэрлэх өргөдөл, гомдол /Хамрах хүрээ : Байгууллагын хэмжээнд/',0,8,0),(30,33,3,'Тайлан','Статистик дэлгэрэнгүй үзэх',0,12,0),(31,33,3,'Тайлан','Тайлан үзэх',0,12,0),(32,33,3,'Тохиргоо','Тохиргоонд хандах',0,13,0),(42,34,4,'Ерөнхий','110 системд хандах',0,1,0),(43,34,4,'Бүртгэл','110 бүртгэлд хандах / Унших /',0,2,0),(44,34,4,'Бүртгэл','110 бүртгэх',0,3,0),(45,34,4,'Бүртгэл','110 бүртгэх давуу эрх /бүх бичгийг засах, устгах/',0,4,0),(46,33,3,'Миний шийдвэрлэх өргөдөл, гомдол','Өргөдөл, гомдол хаах',0,10,0),(47,33,3,'Миний шийдвэрлэх өргөдөл, гомдол','Өргөдөл, гомдол шилжүүлэх',0,11,0),(48,35,5,'Ерөнхий','Гэмт хэргийн бүртгэл системд хандах',0,1,0),(49,35,5,'Бүртгэл','Бүртгэлд хандах / Унших /',0,2,0),(50,35,5,'Бүртгэл','Бүртгэх',0,3,0),(51,35,5,'Бүртгэл','Хэрэг сэргээх',0,4,0),(52,35,5,'Бүртгэл','Хэрэг түдгэлзүүлэх',0,5,0),(53,35,5,'Бүртгэл','Хугацаа сунгах',0,6,0),(54,35,5,'Миний шийдвэрлэх гэмт хэрэг','Шийдвэрлэх гэмт хэрэг /Хамрах хүрээ : Зохион байгуулалтын нэгж/',0,7,0),(55,35,5,'Миний шийдвэрлэх гэмт хэрэг','Шийдвэрлэх гэмт хэрэг /Хамрах хүрээ : Зохион байгуулалтын нэгж, харьяа нэгж/',0,8,0),(56,35,5,'Миний шийдвэрлэх гэмт хэрэг','Шийдвэрлэх гэмт хэрэг /Хамрах хүрээ : Байгууллагын хэмжээнд /',0,9,0),(57,33,3,'Миний шийдвэрлэх өргөдөл, гомдол','Өргөдөл, гомдол хугацаа сунгах',0,12,0),(58,33,3,'Бүртгэл','Өргөдөл, гомдол түр зогсоох',0,5,0),(59,31,1,'Миний бичиг','Ирсэн бичгийг шийдвэрлэх',0,17,0),(60,33,3,'Миний шийдвэрлэх өргөдөл, гомдол','Өргөдөл, гомдол шийдвэрлэх',0,9,0),(61,35,5,'Тайлан','Тайлан',0,19,0),(62,35,5,'Тайлан','Жагсаалт',0,20,0),(63,33,3,'Миний шийдвэрлэх өргөдөл, гомдол','Өргөдөл, гомдол шийдвэрлэлт цуцлах',0,12,0),(64,33,3,'Миний шийдвэрлэх өргөдөл, гомдол','Өргөдөл, гомдол буцаах',0,13,0),(65,33,3,'Миний шийдвэрлэх өргөдөл, гомдол','Хэрэг үүсгэх',0,14,0),(66,36,6,'Ерөнхий','Хүний нөөцийн системд хандах',0,1,0),(67,36,6,'Бүртгэл','Бүртгэлд хандах',0,2,0),(68,36,6,'Бүртгэл','Бүртгэх',0,3,0),(69,37,7,'Бүртгэл','Администраторт хандах',0,0,0),(70,33,3,'Тайлан','Судалгаа, шинжилгээ',0,12,0),(71,37,7,'Бүртгэл','Хэрэглэгчийн эрх',0,0,0),(72,38,8,'Бүртгэл','Лавлагаанд хандах',0,1,0),(73,38,8,'Бүртгэл','Төрийн байгууллагын мэдээлэл бүртгэх',0,2,0),(74,35,5,'Миний шийдвэрлэх гэмт хэрэг','Хэрэг хянах / Хянасан төлөв өөрчлөх /',0,10,0),(75,35,5,'Миний шийдвэрлэх гэмт хэрэг','Графикт оруулах',0,11,0),(76,36,6,'Жагсаалт','Хүний нөөцийн дэлгэрэнгүй жагсаалтад хандах',0,4,0),(77,39,10,'Ерөнхий','Зөрчлийн хэргийн бүртгэл системд хандах',0,1,0),(78,39,10,'Бүртгэл','Бүртгэлд хандах / Унших /',0,2,0),(79,39,10,'Бүртгэл','Бүртгэх',0,3,0),(80,39,10,'Миний шийдвэрлэх гэмт хэрэг','Шийдвэрлэх гэмт хэрэг /Хамрах хүрээ : Зохион байгуулалтын нэгж/',0,5,0),(81,39,10,'Миний шийдвэрлэх гэмт хэрэг','Шийдвэрлэх гэмт хэрэг /Хамрах хүрээ : Зохион байгуулалтын нэгж, харьяа нэгж/',0,6,0),(82,39,10,'Миний шийдвэрлэх гэмт хэрэг','Шийдвэрлэх гэмт хэрэг /Хамрах хүрээ : Байгууллагын хэмжээнд /',0,7,0),(83,39,10,'Тайлан','Тайлан',0,8,0),(85,39,10,'Бүртгэл','Хугацаа сунгах',0,4,0),(86,38,8,'Бүртгэл','Гомдол :: Төрийн албаны ангилал бүртгэх',0,3,0),(87,38,8,'Бүртгэл','Гомдол :: Үйл ажиллагааны чиглэл бүртгэх',0,4,0),(88,38,8,'Бүртгэл','Гомдол :: Үйл ажиллагааны ангилал бүртгэх',0,5,0),(89,40,11,'Ерөнхий','Сахилгын мэдээ системд хандах',0,1,0),(90,40,11,'Бүртгэл','Бүртгэлд хандах / Унших /',0,2,0),(91,40,11,'Бүртгэл','Бүртгэх',0,3,0),(92,41,12,'Ерөнхий','Албаны шалгалт явуулсан мэдээ системд хандах',0,1,0),(93,41,12,'Бүртгэл','Бүртгэлд хандах / Унших /',0,2,0),(94,41,12,'Бүртгэл','Бүртгэх',0,3,0),(95,41,12,'Бүртгэл','Хугацаа сунгах',0,4,0),(96,41,11,'Бүртгэл','Бүртгэх / Давуу эрх /',0,4,0),(97,38,8,'Бүртгэл','Нутаг дэвсгэрийн бүртгэл',0,0,0),(98,35,5,'Миний шийдвэрлэх гэмт хэрэг','Мөрдөгчийн мэдэгдэл бүртгэх',0,12,0),(99,35,5,'Миний шийдвэрлэх гэмт хэрэг','Шүүхээр шийдвэрлэгдсэн хэргийн бүртгэл',0,13,0),(100,31,1,'Миний бичиг','Хугацаа сунгах',0,17,0),(101,35,5,'Тайлан','Жагсаалт давуу эрх',0,21,0),(102,36,6,'Тайлан','Тайлан',0,4,0),(103,35,5,'Банкны дугаар олголт','Дугаар олголтод хандах',0,22,0),(104,35,5,'Банкны дугаар олголт','Дугаар авах',0,23,0),(105,35,5,'Банкны дугаар олголт','Дугаар авах / давуу эрх /',0,24,0),(106,36,6,'Лавлагаа','Бүх нийтийн амралтын өдөр бүртгэх',0,4,0),(107,35,5,'Хариу мэдэгдэх хуудас','Дугаар олголтод хандах',0,25,0),(108,35,5,'Хариу мэдэгдэх хуудас','Дугаар авах',0,26,0),(109,35,5,'Хариу мэдэгдэх хуудас','Дугаар авах / давуу эрх /',0,27,0);

/*Table structure for table `sys_packagesystempriv` */

DROP TABLE IF EXISTS `sys_packagesystempriv`;

CREATE TABLE `sys_packagesystempriv` (
  `PrivNetworkID` varchar(9) DEFAULT NULL,
  `PrivOfficeID` int(11) NOT NULL DEFAULT '1',
  `PrivPersonID` int(11) unsigned NOT NULL,
  `PrivModuleID` int(11) unsigned NOT NULL,
  `Priv` smallint(6) DEFAULT '0',
  PRIMARY KEY (`PrivOfficeID`,`PrivPersonID`,`PrivModuleID`),
  KEY `PrivModuleID` (`PrivModuleID`),
  CONSTRAINT `sys_packagesystempriv_ibfk_1` FOREIGN KEY (`PrivModuleID`) REFERENCES `sys_packagesystemmodule` (`ModuleID`) ON DELETE CASCADE ON UPDATE CASCADE
) ENGINE=InnoDB DEFAULT CHARSET=utf8;

/*Data for the table `sys_packagesystempriv` */

insert  into `sys_packagesystempriv`(`PrivNetworkID`,`PrivOfficeID`,`PrivPersonID`,`PrivModuleID`,`Priv`) values ('201900001',1,1,2,1),('201900001',1,1,3,1),('201900001',1,1,4,1),('201900001',1,1,5,1),('201900001',1,1,6,1),('201900001',1,1,7,1),('201900001',1,1,8,1),('201900001',1,1,9,1),('201900001',1,1,10,1),('201900001',1,1,13,1),('201900001',1,1,14,1),('201900001',1,1,23,1),('201900001',1,1,24,1),('201900001',1,1,25,1),('201900001',1,1,26,0),('201900001',1,1,42,1),('201900001',1,1,43,1),('201900001',1,1,44,1),('201900001',1,1,45,1),('201900001',1,1,46,0),('201900001',1,1,48,1),('201900001',1,1,49,1),('201900001',1,1,50,1),(NULL,1,1,66,1),(NULL,1,1,67,1),(NULL,1,1,68,1),(NULL,1,1,69,1),(NULL,1,1,70,1),(NULL,1,1,71,1),(NULL,1,1,72,1),(NULL,1,1,73,1),(NULL,1,1,74,1),(NULL,1,1,75,1),(NULL,1,1,76,1),(NULL,1,1,89,1),(NULL,1,1,90,1),(NULL,1,1,91,1),(NULL,1,1,92,1),(NULL,1,1,93,1),(NULL,1,1,94,1),(NULL,1,1,97,1),(NULL,1,1,101,1),(NULL,1,1,102,1),(NULL,1,1,103,1),(NULL,1,1,104,1),(NULL,1,1,105,1),(NULL,1,1,106,1),(NULL,1,1,107,1),(NULL,1,1,108,1),(NULL,1,1,109,1),('201900001',1,287,2,1),('201900001',1,287,3,1),('201900001',1,287,4,1),('201900001',1,287,9,1),('201900001',1,287,10,0),('201900001',1,287,13,1),('201900001',1,287,14,1),('201900001',1,287,15,1),('201900001',1,287,20,1),('201900001',1,287,23,1),('201900001',1,287,24,1),('201900001',1,287,25,1),('201900001',1,287,30,1),('201900001',1,1664,23,0),('201900001',1,1665,2,1),('201900001',1,1665,3,1),('201900001',1,1665,4,1),('201900001',1,1665,13,1),('201900001',1,1665,14,1),('201900001',1,1665,15,1),('201900001',1,1665,42,0),('201900001',1,1665,43,0),('201900001',1,1665,44,0),(NULL,1,1665,100,1),('201900001',1,1666,5,1),('201900001',1,1666,6,1),('201900001',1,1666,16,1),('201900001',1,1666,17,1),('201900001',1,1666,18,0),('201900001',1,1666,19,0),('201900001',1,1666,23,1),('201900001',1,1666,24,1),('201900001',1,1666,25,1),('201900001',1,1666,26,1),('201900001',1,1666,27,1),('201900001',1,1666,28,1),('201900001',1,1666,42,1),('201900001',1,1666,43,1),('201900001',1,1666,44,1),('201900001',1,1666,45,1),('201900001',1,1666,46,1),('201900001',1,1666,48,1),('201900001',1,1666,49,1),('201900001',1,1666,50,1),('201900001',1,1666,51,1),('201900001',1,1666,52,1),('201900001',1,1666,53,1),('201900001',1,1666,57,1),('201900001',1,1666,58,1),('201900001',1,1666,61,1),('201900001',1,1666,62,1),('201900001',1,1666,64,1),('201900001',1,1666,65,0),(NULL,1,1666,70,1),(NULL,1,1666,99,1),(NULL,1,1666,101,1),(NULL,1,1666,103,1),(NULL,1,1666,104,1),(NULL,1,1666,105,1),(NULL,1,1666,107,1),(NULL,1,1666,108,1),(NULL,1,1666,109,1),('201900001',1,1667,5,0),('201900001',1,1667,16,0),('201900001',1,1667,26,0),(NULL,1,1667,42,1),(NULL,1,1667,43,1),(NULL,1,1667,44,1),('201900001',1,1667,46,0),('201900001',1,1667,47,0),('201900001',1,1667,57,0),('201900001',1,1667,58,0),(NULL,1,1668,42,1),(NULL,1,1668,43,1),(NULL,1,1668,44,1),('201900001',1,1669,48,1),('201900001',1,1669,53,0),(NULL,1,1669,62,1),(NULL,1,1669,98,0),(NULL,1,1669,103,1),(NULL,1,1669,104,1),(NULL,1,1669,107,1),(NULL,1,1669,108,1),('201900001',1,1670,48,1),('201900001',1,1671,5,1),('201900001',1,1671,16,1),('201900001',1,1671,23,1),('201900001',1,1671,26,1),('201900001',1,1671,27,1),('201900001',1,1671,28,1),('201900001',1,1671,47,1),('201900001',1,1671,48,1),('201900001',1,1671,49,1),('201900001',1,1671,53,1),('201900001',1,1671,54,1),('201900001',1,1671,61,1),('201900001',1,1671,62,1),(NULL,1,1671,103,1),(NULL,1,1671,104,1),(NULL,1,1671,105,1),(NULL,1,1671,107,1),(NULL,1,1671,108,1),(NULL,1,1671,109,1),('201900001',1,1672,5,1),('201900001',1,1672,16,1),('201900001',1,1672,23,0),('201900001',1,1672,26,1),('201900001',1,1672,28,1),('201900001',1,1672,48,1),('201900001',1,1672,49,0),('201900001',1,1672,53,0),('201900001',1,1672,54,1),('201900001',1,1672,55,1),('201900001',1,1672,57,1),('201900001',1,1672,61,0),(NULL,1,1672,62,1),(NULL,1,1672,74,1),(NULL,1,1672,75,1),(NULL,1,1672,103,1),(NULL,1,1672,104,1),(NULL,1,1672,107,1),(NULL,1,1672,108,1),('201900001',1,1673,5,1),('201900001',1,1673,16,1),('201900001',1,1673,26,1),('201900001',1,1673,48,1),('201900001',1,1673,49,0),('201900001',1,1673,53,0),('201900001',1,1673,54,1),('201900001',1,1673,55,1),('201900001',1,1673,57,1),(NULL,1,1673,62,1),(NULL,1,1673,74,1),(NULL,1,1673,75,1),(NULL,1,1673,103,1),(NULL,1,1673,104,1),(NULL,1,1673,107,1),(NULL,1,1673,108,1),(NULL,1,1674,5,1),(NULL,1,1674,16,1),(NULL,1,1674,26,1),('201900001',1,1674,48,1),('201900001',1,1674,53,0),(NULL,1,1674,54,1),(NULL,1,1674,55,1),(NULL,1,1674,57,1),(NULL,1,1674,62,1),(NULL,1,1674,74,1),(NULL,1,1674,75,1),(NULL,1,1674,103,1),(NULL,1,1674,104,1),(NULL,1,1674,107,1),(NULL,1,1674,108,1),('201900001',1,1675,48,1),('201900001',1,1675,53,0),(NULL,1,1675,62,1),(NULL,1,1675,103,1),(NULL,1,1675,104,1),(NULL,1,1675,107,1),(NULL,1,1675,108,1),('201900001',1,1676,48,1),('201900001',1,1676,53,0),(NULL,1,1676,56,1),(NULL,1,1676,62,1),(NULL,1,1676,98,1),(NULL,1,1676,99,1),(NULL,1,1676,103,1),(NULL,1,1676,104,1),(NULL,1,1676,107,1),(NULL,1,1676,108,1),('201900001',1,1677,48,1),('201900001',1,1677,53,0),(NULL,1,1677,62,1),(NULL,1,1677,103,1),(NULL,1,1677,104,1),(NULL,1,1677,107,1),(NULL,1,1677,108,1),('201900001',1,1678,48,1),('201900001',1,1678,53,0),(NULL,1,1678,62,1),(NULL,1,1678,103,1),(NULL,1,1678,104,1),(NULL,1,1678,107,1),(NULL,1,1678,108,1),('201900001',1,1679,48,1),('201900001',1,1679,53,0),(NULL,1,1679,62,1),(NULL,1,1679,103,1),(NULL,1,1679,104,1),(NULL,1,1679,107,1),(NULL,1,1679,108,1),('201900001',1,1680,48,1),('201900001',1,1680,53,0),('201900001',1,1681,48,1),('201900001',1,1681,53,0),(NULL,1,1681,62,1),(NULL,1,1681,103,1),(NULL,1,1681,104,1),(NULL,1,1681,107,1),(NULL,1,1681,108,1),('201900001',1,1683,48,1),('201900001',1,1683,53,0),(NULL,1,1683,62,1),(NULL,1,1683,103,1),(NULL,1,1683,104,1),(NULL,1,1683,107,1),(NULL,1,1683,108,1),('201900001',1,1684,48,1),('201900001',1,1684,53,0),(NULL,1,1684,62,1),(NULL,1,1684,103,1),(NULL,1,1684,104,1),(NULL,1,1684,107,1),(NULL,1,1684,108,1),('201900001',1,1685,48,1),('201900001',1,1685,53,0),(NULL,1,1685,62,1),(NULL,1,1685,103,1),(NULL,1,1685,104,1),('201900001',1,1686,48,1),('201900001',1,1686,53,0),(NULL,1,1686,62,1),(NULL,1,1686,103,1),(NULL,1,1686,104,1),(NULL,1,1686,107,1),(NULL,1,1686,108,1),('201900001',1,1687,48,1),('201900001',1,1687,53,0),(NULL,1,1687,62,1),(NULL,1,1687,103,1),(NULL,1,1687,104,1),(NULL,1,1687,107,1),(NULL,1,1687,108,1),('201900001',1,1688,48,1),('201900001',1,1688,53,0),(NULL,1,1688,62,1),(NULL,1,1688,103,1),(NULL,1,1688,104,1),(NULL,1,1688,107,1),(NULL,1,1688,108,1),('201900001',1,1689,48,1),('201900001',1,1689,53,0),(NULL,1,1689,62,1),(NULL,1,1689,103,1),(NULL,1,1689,104,1),(NULL,1,1689,107,1),(NULL,1,1689,108,1),('201900001',1,1690,48,1),('201900001',1,1690,53,0),(NULL,1,1691,42,1),(NULL,1,1691,43,1),(NULL,1,1691,44,1),('201900001',1,1691,48,0),('201900001',1,1691,53,0),('201900001',1,1692,48,1),('201900001',1,1692,53,0),(NULL,1,1692,62,1),(NULL,1,1692,103,1),(NULL,1,1692,104,1),(NULL,1,1692,107,1),(NULL,1,1692,108,1),('201900001',1,1693,48,1),('201900001',1,1693,53,0),(NULL,1,1693,62,1),(NULL,1,1693,103,1),(NULL,1,1693,104,1),('201900001',1,1694,48,1),('201900001',1,1694,53,0),(NULL,1,1694,62,1),(NULL,1,1694,103,1),(NULL,1,1694,104,1),(NULL,1,1694,107,1),(NULL,1,1694,108,1),('201900001',1,1695,48,1),('201900001',1,1695,53,0),(NULL,1,1695,61,0),(NULL,1,1695,62,1),(NULL,1,1695,103,1),(NULL,1,1695,104,1),(NULL,1,1695,107,1),(NULL,1,1695,108,1),('201900001',1,1696,48,1),('201900001',1,1696,53,0),(NULL,1,1696,62,1),(NULL,1,1696,103,1),(NULL,1,1696,104,1),(NULL,1,1696,107,1),(NULL,1,1696,108,1),('201900001',1,1697,5,0),('201900001',1,1697,16,0),('201900001',1,1697,26,0),('201900001',1,1697,48,1),('201900001',1,1697,53,0),('201900001',1,1697,54,0),('201900001',1,1697,55,0),('201900001',1,1697,57,0),(NULL,1,1697,62,1),(NULL,1,1697,74,0),(NULL,1,1697,75,0),(NULL,1,1697,103,1),(NULL,1,1697,104,1),(NULL,1,1697,107,1),(NULL,1,1697,108,1),('201900001',1,1698,48,1),('201900001',1,1698,53,0),(NULL,1,1698,62,1),(NULL,1,1698,103,1),(NULL,1,1698,104,1),(NULL,1,1698,107,1),(NULL,1,1698,108,1),('201900001',1,1699,48,1),('201900001',1,1699,53,0),(NULL,1,1699,62,1),(NULL,1,1699,103,1),(NULL,1,1699,104,1),(NULL,1,1699,107,1),(NULL,1,1699,108,1),(NULL,1,1700,42,1),(NULL,1,1700,43,1),(NULL,1,1700,44,1),('201900001',1,1700,48,1),('201900001',1,1700,53,0),('201900001',1,1701,48,1),('201900001',1,1701,53,0),(NULL,1,1701,62,1),(NULL,1,1701,103,1),(NULL,1,1701,104,1),(NULL,1,1701,107,1),(NULL,1,1701,108,1),('201900001',1,1702,48,1),('201900001',1,1702,53,0),(NULL,1,1702,62,1),(NULL,1,1702,103,1),(NULL,1,1702,104,1),(NULL,1,1702,107,1),(NULL,1,1702,108,1),('201900001',1,1703,48,1),('201900001',1,1703,53,0),(NULL,1,1703,62,1),(NULL,1,1703,103,1),(NULL,1,1703,104,1),(NULL,1,1703,107,1),(NULL,1,1703,108,1),('201900001',1,1704,48,1),('201900001',1,1704,53,0),(NULL,1,1704,62,1),(NULL,1,1704,103,1),(NULL,1,1704,104,1),(NULL,1,1704,107,1),(NULL,1,1704,108,1),(NULL,1,1707,23,1),(NULL,1,1707,24,1),(NULL,1,1707,25,1),(NULL,1,1707,26,1),(NULL,1,1707,42,1),(NULL,1,1707,43,1),(NULL,1,1707,44,1),(NULL,1,1707,45,1),(NULL,1,1707,46,1),(NULL,1,1707,47,1),(NULL,1,1707,63,1),('201900001',1,1713,5,0),('201900001',1,1713,16,0),('201900001',1,1713,26,0),(NULL,1,1713,42,1),(NULL,1,1713,43,1),(NULL,1,1713,44,1),('201900001',1,1713,47,0),(NULL,1,1715,42,1),(NULL,1,1715,43,1),(NULL,1,1715,44,1),(NULL,1,1716,48,1),(NULL,1,1716,62,1),(NULL,1,1716,103,1),(NULL,1,1716,104,1),(NULL,1,1716,107,1),(NULL,1,1716,108,1),(NULL,1,1717,42,1),(NULL,1,1717,43,1),(NULL,1,1717,44,1),(NULL,1,1718,42,1),(NULL,1,1718,43,1),(NULL,1,1718,44,1),('201900001',1,1720,5,1),('201900001',1,1720,16,1),('201900001',1,1720,26,1),('201900001',1,1720,47,1),(NULL,1,1720,59,0),(NULL,1,1720,100,0),('201900001',1,1722,5,1),('201900001',1,1722,16,1),('201900001',1,1722,26,1),(NULL,1,1722,77,1),(NULL,1,1722,80,1),('201900001',1,1724,5,1),('201900001',1,1724,16,1),('201900001',1,1724,23,0),('201900001',1,1724,26,1),('201900001',1,1724,27,0),('201900001',1,1724,28,0),('201900001',1,1724,29,0),('201900001',1,1724,47,0),(NULL,1,1725,26,1),('201900001',1,1726,26,1),(NULL,1,1729,48,1),(NULL,1,1729,62,1),(NULL,1,1729,103,1),(NULL,1,1729,104,1),(NULL,1,1729,107,1),(NULL,1,1729,108,1),(NULL,1,1730,26,1),(NULL,1,1730,42,1),(NULL,1,1730,43,1),(NULL,1,1730,44,1),(NULL,1,1730,77,1),(NULL,1,1736,23,1),(NULL,1,1736,24,1),(NULL,1,1736,25,1),(NULL,1,1736,26,1),(NULL,1,1736,42,1),(NULL,1,1736,43,1),(NULL,1,1736,44,1),(NULL,1,1736,45,1),(NULL,1,1736,46,1),(NULL,1,1736,47,1),(NULL,1,1736,63,1),(NULL,1,1738,42,1),(NULL,1,1738,43,1),(NULL,1,1738,44,1),(NULL,1,1739,77,1),(NULL,1,1743,42,1),(NULL,1,1743,43,1),(NULL,1,1743,44,1),(NULL,1,1744,42,1),(NULL,1,1744,43,1),(NULL,1,1744,44,1),(NULL,1,1745,48,1),(NULL,1,1745,62,1),(NULL,1,1745,103,1),(NULL,1,1745,104,1),(NULL,1,1745,107,1),(NULL,1,1745,108,1),('201900001',1,1748,5,0),('201900001',1,1748,16,0),('201900001',1,1748,23,0),(NULL,1,1748,25,0),('201900001',1,1748,26,0),(NULL,1,1748,42,1),(NULL,1,1748,43,1),(NULL,1,1748,44,1),('201900001',1,1748,46,0),('201900001',1,1748,47,0),('201900001',1,1748,57,0),('201900001',1,1748,58,0),('201900001',1,1748,63,0),(NULL,1,1748,77,1),(NULL,1,1748,78,0),(NULL,1,1748,79,0),(NULL,1,1748,80,1),('201900001',1,1749,5,1),('201900001',1,1749,16,1),('201900001',1,1749,26,1),('201900001',1,1749,42,1),(NULL,1,1752,66,1),(NULL,1,1752,67,1),(NULL,1,1752,68,1),(NULL,1,1752,76,1),(NULL,1,1752,102,1),(NULL,1,1753,2,0),(NULL,1,1753,13,0),(NULL,1,1753,72,0),(NULL,1,1754,26,1),(NULL,1,1754,46,1),(NULL,1,1754,47,1),(NULL,1,1754,57,1),(NULL,1,1754,60,1),('201900001',1,1763,2,0),('201900001',1,1763,3,0),('201900001',1,1763,4,0),('201900001',1,1763,13,0),('201900001',1,1763,14,0),('201900001',1,1763,15,0),(NULL,1,1772,23,0),(NULL,1,1772,42,1),(NULL,1,1772,43,0),(NULL,1,1772,48,1),(NULL,1,1772,62,1),(NULL,1,1772,101,1),(NULL,1,1774,23,1),(NULL,1,1774,24,1),(NULL,1,1774,25,1),(NULL,1,1774,26,1),(NULL,1,1774,42,1),(NULL,1,1774,43,1),(NULL,1,1774,44,1),(NULL,1,1774,45,1),(NULL,1,1774,46,1),(NULL,1,1774,47,1),(NULL,1,1774,63,1),(NULL,1,1774,70,1),(NULL,1,1775,26,1),(NULL,1,1775,70,0),(NULL,1,1775,72,0),(NULL,1,1775,73,0),(NULL,1,1775,86,0),(NULL,1,1775,87,0),(NULL,1,1775,88,0),('201900001',1,1776,2,0),('201900001',1,1776,5,0),(NULL,1,1776,12,1),(NULL,1,1776,13,0),(NULL,1,1776,14,0),('201900001',1,1776,16,0),(NULL,1,1776,23,1),(NULL,1,1776,24,1),(NULL,1,1776,25,1),('201900001',1,1776,26,1),(NULL,1,1776,42,1),(NULL,1,1776,43,1),(NULL,1,1776,44,1),(NULL,1,1776,45,1),(NULL,1,1776,46,1),('201900001',1,1776,47,1),(NULL,1,1776,63,1),('201900001',1,1777,5,1),('201900001',1,1777,16,1),(NULL,1,1777,23,1),(NULL,1,1777,24,1),(NULL,1,1777,25,1),('201900001',1,1777,26,1),(NULL,1,1777,42,1),(NULL,1,1777,43,1),(NULL,1,1777,44,1),(NULL,1,1777,45,1),(NULL,1,1777,46,1),('201900001',1,1777,47,1),(NULL,1,1777,63,1),('201900001',1,1778,48,1),('201900001',1,1778,53,0),(NULL,1,1778,62,1),(NULL,1,1778,103,1),(NULL,1,1778,104,1),(NULL,1,1778,107,1),(NULL,1,1778,108,1),(NULL,1,1788,42,1),(NULL,1,1788,43,1),(NULL,1,1788,44,1),('201900001',1,1789,5,1),('201900001',1,1789,16,1),('201900001',1,1789,26,1),('201900001',1,1789,47,1),('201900001',1,1789,59,1),('201900001',1,1789,60,1),('201900001',1,1804,2,0),('201900001',1,1804,5,1),('201900001',1,1804,13,0),('201900001',1,1804,16,1),('201900001',1,1804,19,0),('201900001',1,1804,23,0),('201900001',1,1804,26,1),('201900001',1,1804,29,0),('201900001',1,1804,42,0),('201900001',1,1804,43,0),('201900001',1,1804,47,0),('201900001',1,1804,48,0),('201900001',1,1804,49,0),('201900001',1,1804,54,0),(NULL,1,1804,77,1),(NULL,1,1804,80,1),(NULL,1,1804,89,0),(NULL,1,1804,90,0),(NULL,1,1804,91,0),(NULL,1,1804,92,0),(NULL,1,1804,93,0),(NULL,1,1804,94,0),(NULL,1,1804,95,0),(NULL,1,1804,96,0),('201900001',1,1806,42,0),('201900001',1,1806,43,0),('201900001',1,1806,44,0),('201900001',1,1806,45,0),(NULL,1,1806,77,1),(NULL,1,1806,89,1),(NULL,1,1806,90,1),(NULL,1,1806,91,1),(NULL,1,1806,92,1),(NULL,1,1807,70,1),(NULL,1,1807,77,1),(NULL,1,1807,78,1),(NULL,1,1807,79,1),(NULL,1,1807,89,1),(NULL,1,1807,90,1),(NULL,1,1807,91,1),(NULL,1,1807,92,1),(NULL,1,1807,93,1),(NULL,1,1807,94,1),(NULL,1,1807,95,1),(NULL,1,1807,96,1),(NULL,1,1808,26,1),(NULL,1,1808,42,0),(NULL,1,1808,43,0),(NULL,1,1808,44,0),(NULL,1,1808,45,0),(NULL,1,1808,47,1),(NULL,1,1808,77,1),(NULL,1,1808,89,1),(NULL,1,1808,90,1),(NULL,1,1808,91,1),(NULL,1,1808,92,1),(NULL,1,1809,2,1),(NULL,1,1809,5,1),(NULL,1,1809,13,1),(NULL,1,1809,16,1),(NULL,1,1809,23,1),(NULL,1,1809,26,1),(NULL,1,1809,42,1),(NULL,1,1809,43,1),(NULL,1,1809,47,1),(NULL,1,1809,48,1),(NULL,1,1809,49,1),(NULL,1,1809,54,1),(NULL,1,1809,60,1),(NULL,1,1809,77,1),(NULL,1,1809,80,1),(NULL,1,1809,83,1),(NULL,1,1809,89,1),(NULL,1,1809,90,1),(NULL,1,1809,91,1),(NULL,1,1809,92,1),(NULL,1,1809,93,1),(NULL,1,1809,94,1),(NULL,1,1809,95,1),(NULL,1,1809,96,1),(NULL,1,1810,77,1),(NULL,1,1810,89,1),(NULL,1,1810,90,1),(NULL,1,1810,91,1),(NULL,1,1810,92,1),('201900001',1,1812,5,1),('201900001',1,1812,16,1),('201900001',1,1812,26,0),('201900001',1,1812,42,1),('201900001',1,1812,43,1),('201900001',1,1812,44,1),('201900001',1,1812,45,0),('201900001',1,1812,47,0),(NULL,1,1812,77,1),(NULL,1,1812,79,1),(NULL,1,1812,80,1),(NULL,1,1812,83,1),(NULL,1,1812,85,1),(NULL,1,1812,89,1),(NULL,1,1812,90,1),(NULL,1,1812,91,1),(NULL,1,1812,92,1),(NULL,1,1812,93,1),(NULL,1,1812,94,1),(NULL,1,1812,95,1),('201900001',1,1814,42,1),('201900001',1,1814,43,1),('201900001',1,1814,44,1),('201900001',1,1814,45,1),('201900001',1,1817,48,1),('201900001',1,1817,53,0),(NULL,1,1817,62,1),(NULL,1,1817,103,1),(NULL,1,1817,104,1),(NULL,1,1817,107,1),(NULL,1,1817,108,1),('201900001',1,1818,48,1),('201900001',1,1818,53,0),(NULL,1,1818,62,1),(NULL,1,1818,103,1),(NULL,1,1818,104,1),(NULL,1,1818,107,1),(NULL,1,1818,108,1),('201900001',1,1819,48,1),('201900001',1,1819,53,0),('201900001',1,1820,48,0),('201900001',1,1821,48,0),('201900001',1,1821,53,0),('201900001',1,1822,48,1),('201900001',1,1822,53,0),('201900001',1,1823,48,1),('201900001',1,1823,53,0),(NULL,1,1823,62,1),(NULL,1,1823,103,1),(NULL,1,1823,104,1),('201900001',1,1824,48,1),('201900001',1,1824,53,0),(NULL,1,1824,62,1),(NULL,1,1824,103,1),(NULL,1,1824,104,1),(NULL,1,1824,107,1),(NULL,1,1824,108,1),('201900001',1,1825,48,1),('201900001',1,1825,53,0),(NULL,1,1825,62,1),(NULL,1,1825,103,1),(NULL,1,1825,104,1),(NULL,1,1825,107,1),(NULL,1,1825,108,1),('201900001',1,1826,48,1),('201900001',1,1826,53,0),(NULL,1,1826,62,1),(NULL,1,1826,103,1),(NULL,1,1826,104,1),(NULL,1,1826,107,1),(NULL,1,1826,108,1),('201900001',1,1827,48,1),('201900001',1,1827,53,0),(NULL,1,1827,62,1),(NULL,1,1827,103,1),(NULL,1,1827,104,1),(NULL,1,1827,107,1),(NULL,1,1827,108,1),('201900001',1,1828,48,1),('201900001',1,1828,53,0),(NULL,1,1828,62,1),(NULL,1,1828,103,1),(NULL,1,1828,104,1),(NULL,1,1828,107,1),(NULL,1,1828,108,1),('201900001',1,1829,8,1),('201900001',1,1829,19,1),('201900001',1,1829,23,1),('201900001',1,1829,24,1),('201900001',1,1829,29,1),('201900001',1,1829,42,1),('201900001',1,1829,43,1),('201900001',1,1829,48,1),('201900001',1,1829,49,1),('201900001',1,1829,50,1),('201900001',1,1829,53,0),('201900001',1,1829,56,1),('201900001',1,1829,61,1),('201900001',1,1829,62,1),('201900001',1,1830,48,1),(NULL,1,1830,62,1),(NULL,1,1830,103,1),(NULL,1,1830,104,1),(NULL,1,1830,107,1),(NULL,1,1830,108,1),('201900001',1,1831,48,1),(NULL,1,1831,62,1),(NULL,1,1831,103,1),(NULL,1,1831,104,1),(NULL,1,1831,107,1),(NULL,1,1831,108,1),(NULL,1,1833,77,1),(NULL,1,1833,89,1),(NULL,1,1833,92,1),('201900001',1,1835,5,1),('201900001',1,1835,16,1),('201900001',1,1835,26,1),(NULL,1,1835,57,1),(NULL,1,1835,100,1),('201900001',1,1836,48,1),(NULL,1,1836,62,1),(NULL,1,1836,103,1),(NULL,1,1836,104,1),(NULL,1,1836,107,1),(NULL,1,1836,108,1),('201900001',1,1837,48,1),(NULL,1,1837,62,1),(NULL,1,1837,103,1),(NULL,1,1837,104,1),(NULL,1,1837,107,1),(NULL,1,1837,108,1),(NULL,1,1840,5,1),(NULL,1,1840,16,1),(NULL,1,1840,23,1),(NULL,1,1840,24,1),(NULL,1,1840,25,1),(NULL,1,1840,26,1),(NULL,1,1840,42,1),(NULL,1,1840,43,1),(NULL,1,1840,44,1),(NULL,1,1840,45,1),(NULL,1,1840,46,1),(NULL,1,1840,47,1),(NULL,1,1840,48,1),(NULL,1,1840,62,1),(NULL,1,1840,63,1),(NULL,1,1840,70,1),(NULL,1,1840,72,1),(NULL,1,1840,73,1),(NULL,1,1840,86,1),(NULL,1,1840,87,1),(NULL,1,1840,88,1),(NULL,1,1840,101,1),('201900001',1,1841,23,1),('201900001',1,1841,24,1),('201900001',1,1841,25,1),('201900001',1,1841,26,1),('201900001',1,1841,27,0),('201900001',1,1841,28,0),('201900001',1,1841,29,0),('201900001',1,1841,30,0),('201900001',1,1841,42,1),('201900001',1,1841,43,1),('201900001',1,1841,44,1),('201900001',1,1841,45,1),('201900001',1,1841,46,1),('201900001',1,1841,47,1),('201900001',1,1841,58,0),('201900001',1,1841,63,1),(NULL,1,1843,42,1),(NULL,1,1843,43,1),(NULL,1,1843,44,1),(NULL,1,1844,23,1),(NULL,1,1844,24,1),(NULL,1,1844,25,1),(NULL,1,1844,26,1),(NULL,1,1844,42,1),(NULL,1,1844,43,1),(NULL,1,1844,44,1),(NULL,1,1844,45,1),(NULL,1,1844,46,1),(NULL,1,1844,47,1),(NULL,1,1844,63,1),(NULL,1,1845,48,1),(NULL,1,1845,62,1),(NULL,1,1845,103,1),(NULL,1,1845,104,1),(NULL,1,1845,107,1),(NULL,1,1845,108,1),(NULL,1,1846,48,1),(NULL,1,1846,62,1),(NULL,1,1846,103,1),(NULL,1,1846,104,1),(NULL,1,1846,107,1),(NULL,1,1846,108,1),(NULL,1,1848,42,1),(NULL,1,1848,43,1),(NULL,1,1848,44,1),(NULL,1,1849,48,1),(NULL,1,1849,62,1),(NULL,1,1849,103,1),(NULL,1,1849,104,1),(NULL,1,1849,107,1),(NULL,1,1849,108,1),(NULL,1,1850,48,1),(NULL,1,1850,62,1),(NULL,1,1850,103,1),(NULL,1,1850,104,1),(NULL,1,1850,107,1),(NULL,1,1850,108,1),(NULL,1,1851,48,1),(NULL,1,1851,62,1),(NULL,1,1851,103,1),(NULL,1,1851,104,1),(NULL,1,1851,107,1),(NULL,1,1851,108,1),(NULL,1,1852,48,1),(NULL,1,1852,62,1),(NULL,1,1852,103,1),(NULL,1,1852,104,1),(NULL,1,1852,107,1),(NULL,1,1852,108,1),(NULL,1,1853,48,1),(NULL,1,1853,62,1),(NULL,1,1853,103,1),(NULL,1,1853,104,1),(NULL,1,1853,107,1),(NULL,1,1853,108,1),(NULL,1,1855,5,1),(NULL,1,1855,16,1),(NULL,1,1855,25,1),(NULL,1,1855,26,1),(NULL,1,1855,46,1),(NULL,1,1855,47,1),(NULL,1,1855,57,1),(NULL,1,1855,58,1),(NULL,1,1855,60,0),(NULL,1,1855,63,1),(NULL,1,1855,77,1),(NULL,1,1855,80,1),(NULL,1,1855,100,1),(NULL,1,1856,42,1),(NULL,1,1856,43,1),(NULL,1,1856,44,1),(NULL,1,1857,5,0),(NULL,1,1857,16,0),(NULL,1,1857,25,0),(NULL,1,1857,26,0),(NULL,1,1857,42,1),(NULL,1,1857,43,1),(NULL,1,1857,44,1),(NULL,1,1857,46,0),(NULL,1,1857,47,0),(NULL,1,1857,57,0),(NULL,1,1857,58,0),(NULL,1,1857,63,0),(NULL,1,1857,100,0),(NULL,1,1892,23,0),(NULL,1,1892,24,0),(NULL,1,1892,25,0),(NULL,1,1892,26,0),(NULL,1,1892,42,0),(NULL,1,1892,43,0),(NULL,1,1892,44,0),(NULL,1,1892,45,0),(NULL,1,1892,46,0),(NULL,1,1892,47,0),(NULL,1,1892,63,0),(NULL,1,1896,77,1),(NULL,1,1896,89,1),(NULL,1,1896,92,1),(NULL,1,1901,48,1),(NULL,1,1901,62,1),(NULL,1,1901,103,1),(NULL,1,1901,104,1),(NULL,1,1901,107,1),(NULL,1,1901,108,1),(NULL,1,1903,48,0),(NULL,1,1903,62,0),(NULL,1,1903,77,1),(NULL,1,1903,89,1),(NULL,1,1903,90,1),(NULL,1,1903,91,1),(NULL,1,1903,92,1),(NULL,1,1903,103,0),(NULL,1,1903,104,0),(NULL,1,1903,107,0),(NULL,1,1903,108,0),(NULL,1,1910,42,1),(NULL,1,1910,43,1),(NULL,1,1910,44,1),(NULL,1,1911,42,1),(NULL,1,1911,43,1),(NULL,1,1911,44,1),(NULL,1,1912,23,1),(NULL,1,1912,24,1),(NULL,1,1912,25,1),(NULL,1,1912,26,1),(NULL,1,1912,42,1),(NULL,1,1912,43,1),(NULL,1,1912,44,1),(NULL,1,1912,45,1),(NULL,1,1912,46,1),(NULL,1,1912,47,1),(NULL,1,1912,63,1),(NULL,1,1913,42,1),(NULL,1,1913,43,1),(NULL,1,1913,44,1),(NULL,1,1914,48,1),(NULL,1,1914,62,1),(NULL,1,1914,103,1),(NULL,1,1914,104,1),(NULL,1,1914,107,1),(NULL,1,1914,108,1),(NULL,1,1916,1,0),(NULL,1,1916,12,0),(NULL,1,1916,22,0),(NULL,1,1916,48,1),(NULL,1,1916,62,1);

/*!40101 SET SQL_MODE=@OLD_SQL_MODE */;
/*!40014 SET FOREIGN_KEY_CHECKS=@OLD_FOREIGN_KEY_CHECKS */;
/*!40014 SET UNIQUE_CHECKS=@OLD_UNIQUE_CHECKS */;
/*!40111 SET SQL_NOTES=@OLD_SQL_NOTES */;
